,algorithm_name,ft_dummyfication,origin_ft_selection,ft_selection,hyperparameters,size_target,test_size,coef_order,accuracy
0,LinearRegression,False,None,"Index(['root', 'time_passes', 'gvn', 'instcombine', 'inline', 'jump_threading',
       'simplifycfg', 'sccp', 'print_used_types', 'ipsccp', 'iv_users',
       'licm'],
      dtype='object')",LinearRegression(),Performance,0.1,"gvn                 2.514667e+01
sccp                1.144333e+01
simplifycfg         1.097333e+01
iv_users            6.565000e+00
licm                6.565000e+00
instcombine         4.675000e+00
inline              4.675000e+00
print_used_types    2.560000e+00
ipsccp              1.150000e+00
jump_threading      2.466667e-01
root                8.215650e-15
time_passes         6.217249e-15
dtype: float64","count    2.000000
mean     2.470155
std      2.884022
min      0.430843
25%      1.450499
50%      2.470155
75%      3.489810
max      4.509466
Name: % error, dtype: float64"
1,Lasso,False,None,"Index(['root', 'time_passes', 'gvn', 'instcombine', 'inline', 'jump_threading',
       'simplifycfg', 'sccp', 'print_used_types', 'ipsccp', 'iv_users',
       'licm'],
      dtype='object')","Lasso(alpha=25, max_iter=1)",Performance,0.1,"Series([], dtype: float64)","count     2.000000
mean      8.426050
std      10.055315
min       1.315869
25%       4.870959
50%       8.426050
75%      11.981140
max      15.536231
Name: % error, dtype: float64"
2,Ridge,False,None,"Index(['root', 'time_passes', 'gvn', 'instcombine', 'inline', 'jump_threading',
       'simplifycfg', 'sccp', 'print_used_types', 'ipsccp', 'iv_users',
       'licm'],
      dtype='object')",Ridge(alpha=25),Performance,0.1,"gvn                 0.495240
iv_users            0.372549
licm                0.372549
instcombine         0.306733
inline              0.306733
ipsccp              0.249703
jump_threading      0.227576
simplifycfg         0.225700
sccp                0.222040
print_used_types    0.182844
dtype: float64","count     2.000000
mean      8.067981
std       9.700589
min       1.208629
25%       4.638305
50%       8.067981
75%      11.497658
max      14.927334
Name: % error, dtype: float64"
3,ElasticNet,False,None,"Index(['root', 'time_passes', 'gvn', 'instcombine', 'inline', 'jump_threading',
       'simplifycfg', 'sccp', 'print_used_types', 'ipsccp', 'iv_users',
       'licm'],
      dtype='object')","ElasticNet(alpha=25, max_iter=1)",Performance,0.1,"Series([], dtype: float64)","count     2.000000
mean      8.426050
std      10.055315
min       1.315869
25%       4.870959
50%       8.426050
75%      11.981140
max      15.536231
Name: % error, dtype: float64"
4,LinearRegression,False,None,"Index(['root', 'time_passes', 'gvn', 'instcombine', 'inline', 'jump_threading',
       'simplifycfg', 'sccp', 'print_used_types', 'ipsccp', 'iv_users',
       'licm'],
      dtype='object')",LinearRegression(),Performance,0.2,"gvn                 2.514667e+01
sccp                1.144333e+01
simplifycfg         1.097333e+01
iv_users            6.565000e+00
licm                6.565000e+00
instcombine         4.675000e+00
inline              4.675000e+00
print_used_types    1.855000e+00
ipsccp              1.855000e+00
jump_threading      2.466667e-01
time_passes         3.019807e-14
root                1.243450e-14
dtype: float64","count    3.000000
mean     1.744000
std      2.395974
min      0.291692
25%      0.361268
50%      0.430843
75%      2.470155
max      4.509466
Name: % error, dtype: float64"
5,Lasso,False,None,"Index(['root', 'time_passes', 'gvn', 'instcombine', 'inline', 'jump_threading',
       'simplifycfg', 'sccp', 'print_used_types', 'ipsccp', 'iv_users',
       'licm'],
      dtype='object')","Lasso(alpha=25, max_iter=1)",Performance,0.2,"Series([], dtype: float64)","count     3.000000
mean      5.894518
std       8.431793
min       0.670788
25%       1.030861
50%       1.390934
75%       8.506383
max      15.621832
Name: % error, dtype: float64"
6,Ridge,False,None,"Index(['root', 'time_passes', 'gvn', 'instcombine', 'inline', 'jump_threading',
       'simplifycfg', 'sccp', 'print_used_types', 'ipsccp', 'iv_users',
       'licm'],
      dtype='object')",Ridge(alpha=25),Performance,0.2,"gvn                 0.503301
iv_users            0.362518
licm                0.362518
instcombine         0.312973
inline              0.312973
simplifycfg         0.261862
sccp                0.242581
print_used_types    0.228837
ipsccp              0.228837
jump_threading      0.207035
dtype: float64","count     3.000000
mean      5.698234
std       8.056985
min       0.812264
25%       1.048532
50%       1.284799
75%       8.141219
max      14.997638
Name: % error, dtype: float64"
7,ElasticNet,False,None,"Index(['root', 'time_passes', 'gvn', 'instcombine', 'inline', 'jump_threading',
       'simplifycfg', 'sccp', 'print_used_types', 'ipsccp', 'iv_users',
       'licm'],
      dtype='object')","ElasticNet(alpha=25, max_iter=1)",Performance,0.2,"Series([], dtype: float64)","count     3.000000
mean      5.894518
std       8.431793
min       0.670788
25%       1.030861
50%       1.390934
75%       8.506383
max      15.621832
Name: % error, dtype: float64"
8,LinearRegression,False,None,"Index(['root', 'time_passes', 'gvn', 'instcombine', 'inline', 'jump_threading',
       'simplifycfg', 'sccp', 'print_used_types', 'ipsccp', 'iv_users',
       'licm'],
      dtype='object')",LinearRegression(),Performance,0.3,"gvn                 2.514667e+01
sccp                1.144333e+01
simplifycfg         1.097333e+01
inline              4.675000e+00
instcombine         4.675000e+00
print_used_types    2.355000e+00
ipsccp              2.355000e+00
iv_users            2.355000e+00
licm                2.355000e+00
jump_threading      2.466667e-01
time_passes         2.664535e-15
root                2.220446e-16
dtype: float64","count    4.000000
mean     2.618572
std      1.777780
min      0.430843
25%      1.632887
50%      2.766989
75%      3.752673
max      4.509466
Name: % error, dtype: float64"
9,Lasso,False,None,"Index(['root', 'time_passes', 'gvn', 'instcombine', 'inline', 'jump_threading',
       'simplifycfg', 'sccp', 'print_used_types', 'ipsccp', 'iv_users',
       'licm'],
      dtype='object')","Lasso(alpha=25, max_iter=1)",Performance,0.3,"Series([], dtype: float64)","count     4.000000
mean      4.879278
std       7.293292
min       0.834588
25%       1.196143
50%       1.436284
75%       5.119418
max      15.809958
Name: % error, dtype: float64"
10,Ridge,False,None,"Index(['root', 'time_passes', 'gvn', 'instcombine', 'inline', 'jump_threading',
       'simplifycfg', 'sccp', 'print_used_types', 'ipsccp', 'iv_users',
       'licm'],
      dtype='object')",Ridge(),Performance,0.3,"gvn                 6.877593
jump_threading      3.551693
instcombine         3.471190
inline              3.471190
sccp                2.293307
print_used_types    1.750741
ipsccp              1.750741
iv_users            1.750741
licm                1.750741
simplifycfg         1.084444
dtype: float64","count    4.000000
mean     4.218916
std      3.850265
min      1.641418
25%      1.954782
50%      2.667115
75%      4.931249
max      9.900018
Name: % error, dtype: float64"
11,ElasticNet,False,None,"Index(['root', 'time_passes', 'gvn', 'instcombine', 'inline', 'jump_threading',
       'simplifycfg', 'sccp', 'print_used_types', 'ipsccp', 'iv_users',
       'licm'],
      dtype='object')","ElasticNet(alpha=0.5, l1_ratio=0.0, max_iter=1)",Performance,0.3,"gvn                 3.128306
instcombine         2.175136
simplifycfg         1.854689
inline              1.747240
print_used_types    1.699718
ipsccp              1.365347
sccp                1.282851
iv_users            1.096754
licm                0.880999
jump_threading      0.758025
dtype: float64","count     4.000000
mean      4.702851
std       5.094374
min       0.957823
25%       1.962735
50%       2.826045
75%       5.566162
max      12.201492
Name: % error, dtype: float64"
12,LinearRegression,False,None,"Index(['root', 'time_passes', 'gvn', 'instcombine', 'inline', 'jump_threading',
       'simplifycfg', 'sccp', 'print_used_types', 'ipsccp', 'iv_users',
       'licm'],
      dtype='object')",LinearRegression(),Performance,0.4,"root                69.790500
jump_threading      17.673876
inline              12.156336
sccp                11.443333
gvn                  7.719457
simplifycfg          6.453876
time_passes          3.434035
instcombine          2.806336
print_used_types     2.355000
ipsccp               2.355000
iv_users             2.355000
licm                 2.355000
dtype: float64","count    5.000000
mean     5.632019
std      2.678350
min      2.033569
25%      3.500409
50%      7.148647
75%      7.626993
max      7.850477
Name: % error, dtype: float64"
13,Lasso,False,None,"Index(['root', 'time_passes', 'gvn', 'instcombine', 'inline', 'jump_threading',
       'simplifycfg', 'sccp', 'print_used_types', 'ipsccp', 'iv_users',
       'licm'],
      dtype='object')","Lasso(alpha=0.01, max_iter=100)",Performance,0.4,"gvn                 1.417407e+01
sccp                1.132442e+01
jump_threading      1.104006e+01
print_used_types    9.299705e+00
instcombine         9.288748e+00
inline              1.016021e-13
dtype: float64","count    5.000000
mean     4.428444
std      1.116719
min      2.537027
25%      4.427752
50%      4.812037
75%      4.931870
max      5.433532
Name: % error, dtype: float64"
14,Ridge,False,None,"Index(['root', 'time_passes', 'gvn', 'instcombine', 'inline', 'jump_threading',
       'simplifycfg', 'sccp', 'print_used_types', 'ipsccp', 'iv_users',
       'licm'],
      dtype='object')",Ridge(alpha=0.01),Performance,0.4,"gvn                 13.029258
jump_threading      12.002287
sccp                11.147205
instcombine          4.683897
inline               4.683897
print_used_types     2.345838
ipsccp               2.345838
iv_users             2.345838
licm                 2.345838
simplifycfg          1.026971
dtype: float64","count    5.000000
mean     4.017599
std      1.297336
min      2.035235
25%      3.498274
50%      4.409293
75%      4.795647
max      5.349544
Name: % error, dtype: float64"
15,ElasticNet,False,None,"Index(['root', 'time_passes', 'gvn', 'instcombine', 'inline', 'jump_threading',
       'simplifycfg', 'sccp', 'print_used_types', 'ipsccp', 'iv_users',
       'licm'],
      dtype='object')","ElasticNet(alpha=0.01, l1_ratio=0.1, max_iter=100)",Performance,0.4,"gvn                 12.411502
jump_threading      11.151343
sccp                10.002140
instcombine          4.688880
inline               4.688798
print_used_types     2.315916
licm                 2.307489
ipsccp               2.305380
iv_users             2.297967
simplifycfg          1.148295
dtype: float64","count    5.000000
mean     3.931000
std      1.344783
min      2.043316
25%      3.489575
50%      4.022674
75%      4.355421
max      5.744015
Name: % error, dtype: float64"
16,LinearRegression,False,None,"Index(['root', 'time_passes', 'gvn', 'instcombine', 'inline', 'jump_threading',
       'simplifycfg', 'sccp', 'print_used_types', 'ipsccp', 'iv_users',
       'licm'],
      dtype='object')",LinearRegression(),Performance,0.5,"gvn                 1.318889e+01
jump_threading      1.220444e+01
sccp                1.144333e+01
print_used_types    2.355000e+00
ipsccp              2.355000e+00
iv_users            2.355000e+00
licm                2.355000e+00
simplifycfg         9.844444e-01
instcombine         1.776357e-14
root                1.265654e-14
time_passes         1.243450e-14
dtype: float64","count    6.000000
mean     5.095881
std      2.690619
min      2.033569
25%      3.621344
50%      4.444616
75%      6.069450
max      9.694503
Name: % error, dtype: float64"
17,Lasso,False,None,"Index(['root', 'time_passes', 'gvn', 'instcombine', 'inline', 'jump_threading',
       'simplifycfg', 'sccp', 'print_used_types', 'ipsccp', 'iv_users',
       'licm'],
      dtype='object')","Lasso(alpha=25, max_iter=1)",Performance,0.5,"Series([], dtype: float64)","count     6.000000
mean      4.652897
std       6.024907
min       0.704998
25%       1.697231
50%       2.181945
75%       4.034151
max      16.661281
Name: % error, dtype: float64"
18,Ridge,False,None,"Index(['root', 'time_passes', 'gvn', 'instcombine', 'inline', 'jump_threading',
       'simplifycfg', 'sccp', 'print_used_types', 'ipsccp', 'iv_users',
       'licm'],
      dtype='object')",Ridge(alpha=25),Performance,0.5,"gvn                 0.580358
jump_threading      0.341543
print_used_types    0.285007
ipsccp              0.285007
iv_users            0.285007
licm                0.285007
simplifycfg         0.238815
sccp                0.056956
dtype: float64","count     6.000000
mean      4.619855
std       5.902761
min       0.545166
25%       1.806028
50%       2.282763
75%       4.019702
max      16.362641
Name: % error, dtype: float64"
19,ElasticNet,False,None,"Index(['root', 'time_passes', 'gvn', 'instcombine', 'inline', 'jump_threading',
       'simplifycfg', 'sccp', 'print_used_types', 'ipsccp', 'iv_users',
       'licm'],
      dtype='object')","ElasticNet(alpha=25, l1_ratio=0.0, max_iter=1)",Performance,0.5,"gvn                 0.122591
jump_threading      0.066960
print_used_types    0.064692
ipsccp              0.064281
iv_users            0.063872
licm                0.063466
simplifycfg         0.054891
sccp                0.012041
dtype: float64","count     6.000000
mean      4.645100
std       5.997171
min       0.670083
25%       1.723177
50%       2.203699
75%       4.027711
max      16.594398
Name: % error, dtype: float64"
20,LinearRegression,False,None,"Index(['root', 'time_passes', 'gvn', 'instcombine', 'inline', 'jump_threading',
       'simplifycfg', 'sccp', 'print_used_types', 'ipsccp', 'iv_users',
       'licm'],
      dtype='object')",LinearRegression(),Performance,0.6,"gvn                 1.368727e+01
jump_threading      1.170606e+01
sccp                1.144333e+01
simplifycfg         1.981212e+00
print_used_types    1.981212e+00
ipsccp              1.981212e+00
iv_users            1.981212e+00
licm                1.981212e+00
root                2.131628e-14
time_passes         5.329071e-15
dtype: float64","count    7.000000
mean     4.502985
std      2.837745
min      0.612131
25%      3.154363
50%      3.984149
75%      5.579110
max      9.457673
Name: % error, dtype: float64"
21,Lasso,False,None,"Index(['root', 'time_passes', 'gvn', 'instcombine', 'inline', 'jump_threading',
       'simplifycfg', 'sccp', 'print_used_types', 'ipsccp', 'iv_users',
       'licm'],
      dtype='object')","Lasso(alpha=25, max_iter=1)",Performance,0.6,"Series([], dtype: float64)","count     7.000000
mean      4.193547
std       5.725670
min       0.639022
25%       1.269016
50%       2.191220
75%       3.588466
max      16.809621
Name: % error, dtype: float64"
22,Ridge,False,None,"Index(['root', 'time_passes', 'gvn', 'instcombine', 'inline', 'jump_threading',
       'simplifycfg', 'sccp', 'print_used_types', 'ipsccp', 'iv_users',
       'licm'],
      dtype='object')",Ridge(alpha=25),Performance,0.6,"gvn                 0.592239
jump_threading      0.319069
simplifycfg         0.273170
print_used_types    0.273170
ipsccp              0.273170
iv_users            0.273170
licm                0.273170
sccp                0.067973
dtype: float64","count     7.000000
mean      4.155227
std       5.609442
min       0.613322
25%       1.229698
50%       2.392251
75%       3.566872
max      16.487873
Name: % error, dtype: float64"
23,ElasticNet,False,None,"Index(['root', 'time_passes', 'gvn', 'instcombine', 'inline', 'jump_threading',
       'simplifycfg', 'sccp', 'print_used_types', 'ipsccp', 'iv_users',
       'licm'],
      dtype='object')","ElasticNet(alpha=25, l1_ratio=0.0, max_iter=1)",Performance,0.6,"gvn                 0.156170
simplifycfg         0.078002
print_used_types    0.077376
jump_threading      0.077197
ipsccp              0.076800
iv_users            0.076228
licm                0.075661
sccp                0.018286
dtype: float64","count     7.000000
mean      4.183017
std       5.692581
min       0.633700
25%       1.259919
50%       2.249911
75%       3.578753
max      16.720161
Name: % error, dtype: float64"
24,LinearRegression,False,None,"Index(['root', 'time_passes', 'gvn', 'instcombine', 'inline', 'jump_threading',
       'simplifycfg', 'sccp', 'print_used_types', 'ipsccp', 'iv_users',
       'licm'],
      dtype='object')",LinearRegression(),Performance,0.7,"sccp                1.144333e+01
jump_threading      3.000000e-01
simplifycfg         3.000000e-01
print_used_types    3.000000e-01
ipsccp              3.000000e-01
iv_users            3.000000e-01
licm                3.000000e-01
root                8.881784e-16
dtype: float64","count     8.000000
mean      6.589583
std       4.837421
min       0.021877
25%       4.256996
50%       5.518489
75%       7.569767
max      15.961794
Name: % error, dtype: float64"
25,Lasso,False,None,"Index(['root', 'time_passes', 'gvn', 'instcombine', 'inline', 'jump_threading',
       'simplifycfg', 'sccp', 'print_used_types', 'ipsccp', 'iv_users',
       'licm'],
      dtype='object')","Lasso(alpha=25, max_iter=1)",Performance,0.7,"Series([], dtype: float64)","count     8.000000
mean      6.754315
std       5.497643
min       2.786269
25%       3.652340
50%       4.494813
75%       7.513954
max      19.301886
Name: % error, dtype: float64"
26,Ridge,False,None,"Index(['root', 'time_passes', 'gvn', 'instcombine', 'inline', 'jump_threading',
       'simplifycfg', 'sccp', 'print_used_types', 'ipsccp', 'iv_users',
       'licm'],
      dtype='object')",Ridge(alpha=25),Performance,0.7,"sccp                0.267067
jump_threading      0.087084
simplifycfg         0.087084
print_used_types    0.087084
ipsccp              0.087084
iv_users            0.087084
licm                0.087084
dtype: float64","count     8.000000
mean      6.724050
std       5.439553
min       2.822716
25%       3.679798
50%       4.531780
75%       7.401603
max      19.134517
Name: % error, dtype: float64"
27,ElasticNet,False,None,"Index(['root', 'time_passes', 'gvn', 'instcombine', 'inline', 'jump_threading',
       'simplifycfg', 'sccp', 'print_used_types', 'ipsccp', 'iv_users',
       'licm'],
      dtype='object')","ElasticNet(alpha=25, l1_ratio=0.0, max_iter=1)",Performance,0.7,"sccp                0.092590
jump_threading      0.034552
simplifycfg         0.034248
print_used_types    0.033538
ipsccp              0.033243
iv_users            0.032950
licm                0.032659
dtype: float64","count     8.000000
mean      6.743251
std       5.476056
min       2.799616
25%       3.663199
50%       4.507928
75%       7.472616
max      19.240686
Name: % error, dtype: float64"
28,LinearRegression,False,None,"Index(['root', 'time_passes', 'gvn', 'instcombine', 'inline', 'jump_threading',
       'simplifycfg', 'sccp', 'print_used_types', 'ipsccp', 'iv_users',
       'licm'],
      dtype='object')",LinearRegression(),Performance,0.8,"jump_threading      1.377619
simplifycfg         1.377619
sccp                1.377619
print_used_types    1.377619
ipsccp              1.377619
iv_users            1.377619
licm                1.377619
dtype: float64","count     9.000000
mean      4.804042
std       4.588772
min       0.666283
25%       2.263117
50%       3.940025
75%       4.313053
max      15.961794
Name: % error, dtype: float64"
29,Lasso,False,None,"Index(['root', 'time_passes', 'gvn', 'instcombine', 'inline', 'jump_threading',
       'simplifycfg', 'sccp', 'print_used_types', 'ipsccp', 'iv_users',
       'licm'],
      dtype='object')","Lasso(alpha=25, max_iter=1)",Performance,0.8,"Series([], dtype: float64)","count     9.000000
mean      5.457563
std       5.209406
min       1.882608
25%       2.591921
50%       3.453986
75%       6.038719
max      18.253025
Name: % error, dtype: float64"
30,Ridge,False,None,"Index(['root', 'time_passes', 'gvn', 'instcombine', 'inline', 'jump_threading',
       'simplifycfg', 'sccp', 'print_used_types', 'ipsccp', 'iv_users',
       'licm'],
      dtype='object')",Ridge(alpha=25),Performance,0.8,"jump_threading      0.169181
simplifycfg         0.169181
sccp                0.169181
print_used_types    0.169181
ipsccp              0.169181
iv_users            0.169181
licm                0.169181
dtype: float64","count     9.000000
mean      5.377306
std       5.119891
min       1.847976
25%       2.757478
50%       3.522029
75%       5.786404
max      17.971646
Name: % error, dtype: float64"
31,ElasticNet,False,None,"Index(['root', 'time_passes', 'gvn', 'instcombine', 'inline', 'jump_threading',
       'simplifycfg', 'sccp', 'print_used_types', 'ipsccp', 'iv_users',
       'licm'],
      dtype='object')","ElasticNet(alpha=25, l1_ratio=0.0, max_iter=1)",Performance,0.8,"jump_threading      0.095479
simplifycfg         0.094533
sccp                0.093597
print_used_types    0.092671
ipsccp              0.091753
iv_users            0.090845
licm                0.089945
dtype: float64","count     9.000000
mean      5.414619
std       5.159557
min       1.865903
25%       2.682268
50%       3.513693
75%       5.900484
max      18.098867
Name: % error, dtype: float64"
32,LinearRegression,False,None,"Index(['root', 'time_passes', 'gvn', 'instcombine', 'inline', 'jump_threading',
       'simplifycfg', 'sccp', 'print_used_types', 'ipsccp', 'iv_users',
       'licm'],
      dtype='object')",LinearRegression(),Performance,0.9,"Series([], dtype: float64)","count    10.000000
mean      3.858775
std       4.701470
min       0.091435
25%       1.087466
50%       2.745265
75%       4.355488
max      15.961794
Name: % error, dtype: float64"
33,Lasso,False,None,"Index(['root', 'time_passes', 'gvn', 'instcombine', 'inline', 'jump_threading',
       'simplifycfg', 'sccp', 'print_used_types', 'ipsccp', 'iv_users',
       'licm'],
      dtype='object')","Lasso(alpha=25, max_iter=1)",Performance,0.9,"Series([], dtype: float64)","count    10.000000
mean      3.858775
std       4.701470
min       0.091435
25%       1.087466
50%       2.745265
75%       4.355488
max      15.961794
Name: % error, dtype: float64"
34,Ridge,False,None,"Index(['root', 'time_passes', 'gvn', 'instcombine', 'inline', 'jump_threading',
       'simplifycfg', 'sccp', 'print_used_types', 'ipsccp', 'iv_users',
       'licm'],
      dtype='object')",Ridge(alpha=25),Performance,0.9,"Series([], dtype: float64)","count    10.000000
mean      3.858775
std       4.701470
min       0.091435
25%       1.087466
50%       2.745265
75%       4.355488
max      15.961794
Name: % error, dtype: float64"
35,ElasticNet,False,None,"Index(['root', 'time_passes', 'gvn', 'instcombine', 'inline', 'jump_threading',
       'simplifycfg', 'sccp', 'print_used_types', 'ipsccp', 'iv_users',
       'licm'],
      dtype='object')","ElasticNet(alpha=25, l1_ratio=0.0, max_iter=1)",Performance,0.9,"Series([], dtype: float64)","count    10.000000
mean      3.858775
std       4.701470
min       0.091435
25%       1.087466
50%       2.745265
75%       4.355488
max      15.961794
Name: % error, dtype: float64"
36,LinearRegression,False,RandomForest,"Index(['gvn', 'instcombine', 'inline', 'jump_threading'], dtype='object')",LinearRegression(),Performance,0.1,"gvn               14.709333
inline             7.535833
instcombine        7.535833
jump_threading     4.962333
dtype: float64","count    2.000000
mean     2.731000
std      2.542648
min      0.933077
25%      1.832039
50%      2.731000
75%      3.629962
max      4.528924
Name: % error, dtype: float64"
37,Lasso,False,RandomForest,"Index(['gvn', 'instcombine', 'inline', 'jump_threading'], dtype='object')","Lasso(alpha=25, max_iter=1)",Performance,0.1,"Series([], dtype: float64)","count     2.000000
mean      8.426050
std      10.055315
min       1.315869
25%       4.870959
50%       8.426050
75%      11.981140
max      15.536231
Name: % error, dtype: float64"
38,Ridge,False,RandomForest,"Index(['gvn', 'instcombine', 'inline', 'jump_threading'], dtype='object')",Ridge(alpha=25),Performance,0.1,"gvn               0.504613
inline            0.322469
instcombine       0.322469
jump_threading    0.186732
dtype: float64","count     2.000000
mean      8.198208
std       9.774499
min       1.286594
25%       4.742401
50%       8.198208
75%      11.654015
max      15.109822
Name: % error, dtype: float64"
39,ElasticNet,False,RandomForest,"Index(['gvn', 'instcombine', 'inline', 'jump_threading'], dtype='object')","ElasticNet(alpha=25, max_iter=1)",Performance,0.1,"Series([], dtype: float64)","count     2.000000
mean      8.426050
std      10.055315
min       1.315869
25%       4.870959
50%       8.426050
75%      11.981140
max      15.536231
Name: % error, dtype: float64"
40,PolynomialRegression,False,RandomForest,"Index(['gvn', 'instcombine', 'inline', 'jump_threading'], dtype='object')",LinearRegression(),Performance,0.1,"gvn               2.694908
jump_threading    1.531448
instcombine       1.383122
inline            1.383122
dtype: float64","count    2.000000
mean     4.801204
std      5.877904
min      0.644898
25%      2.723051
50%      4.801204
75%      6.879357
max      8.957510
Name: % error, dtype: float64"
41,LinearRegression,False,RandomForest,"Index(['gvn', 'instcombine', 'inline', 'jump_threading'], dtype='object')",LinearRegression(),Performance,0.2,"gvn               15.483333
instcombine        7.535833
inline             7.535833
jump_threading     4.188333
dtype: float64","count    3.000000
mean     2.231801
std      1.703910
min      0.933077
25%      1.267140
50%      1.601203
75%      2.881163
max      4.161123
Name: % error, dtype: float64"
42,Lasso,False,RandomForest,"Index(['gvn', 'instcombine', 'inline', 'jump_threading'], dtype='object')","Lasso(alpha=25, max_iter=1)",Performance,0.2,"Series([], dtype: float64)","count     3.000000
mean      5.894518
std       8.431793
min       0.670788
25%       1.030861
50%       1.390934
75%       8.506383
max      15.621832
Name: % error, dtype: float64"
43,Ridge,False,RandomForest,"Index(['gvn', 'instcombine', 'inline', 'jump_threading'], dtype='object')",Ridge(alpha=25),Performance,0.2,"gvn               0.512256
inline            0.329058
instcombine       0.329058
jump_threading    0.165909
dtype: float64","count     3.000000
mean      5.749344
std       8.177568
min       0.705576
25%       1.031781
50%       1.357985
75%       8.271228
max      15.184471
Name: % error, dtype: float64"
44,ElasticNet,False,RandomForest,"Index(['gvn', 'instcombine', 'inline', 'jump_threading'], dtype='object')","ElasticNet(alpha=25, max_iter=1)",Performance,0.2,"Series([], dtype: float64)","count     3.000000
mean      5.894518
std       8.431793
min       0.670788
25%       1.030861
50%       1.390934
75%       8.506383
max      15.621832
Name: % error, dtype: float64"
45,PolynomialRegression,False,RandomForest,"Index(['gvn', 'instcombine', 'inline', 'jump_threading'], dtype='object')",LinearRegression(),Performance,0.2,"gvn               2.841340
jump_threading    1.405935
instcombine       1.341284
inline            1.341284
dtype: float64","count    3.000000
mean     3.691054
std      4.465568
min      0.653616
25%      1.127409
50%      1.601203
75%      5.209773
max      8.818342
Name: % error, dtype: float64"
46,LinearRegression,False,RandomForest,"Index(['gvn', 'instcombine', 'inline', 'jump_threading'], dtype='object')",LinearRegression(),Performance,0.3,"gvn               17.156667
inline             7.535833
instcombine        7.535833
jump_threading     2.515000
dtype: float64","count    4.000000
mean     2.343792
std      1.037629
min      0.933077
25%      1.953424
50%      2.538065
75%      2.928433
max      3.365963
Name: % error, dtype: float64"
47,Lasso,False,RandomForest,"Index(['gvn', 'instcombine', 'inline', 'jump_threading'], dtype='object')","Lasso(alpha=25, max_iter=1)",Performance,0.3,"Series([], dtype: float64)","count     4.000000
mean      4.879278
std       7.293292
min       0.834588
25%       1.196143
50%       1.436284
75%       5.119418
max      15.809958
Name: % error, dtype: float64"
48,Ridge,False,RandomForest,"Index(['gvn', 'instcombine', 'inline', 'jump_threading'], dtype='object')",Ridge(alpha=25),Performance,0.3,"gvn               0.528944
instcombine       0.343444
inline            0.343444
jump_threading    0.120449
dtype: float64","count     4.000000
mean      4.778449
std       7.051116
min       0.885094
25%       1.246830
50%       1.440629
75%       4.972248
max      15.347445
Name: % error, dtype: float64"
49,ElasticNet,False,RandomForest,"Index(['gvn', 'instcombine', 'inline', 'jump_threading'], dtype='object')","ElasticNet(alpha=25, max_iter=1)",Performance,0.3,"Series([], dtype: float64)","count     4.000000
mean      4.879278
std       7.293292
min       0.834588
25%       1.196143
50%       1.436284
75%       5.119418
max      15.809958
Name: % error, dtype: float64"
50,PolynomialRegression,False,RandomForest,"Index(['gvn', 'instcombine', 'inline', 'jump_threading'], dtype='object')",LinearRegression(),Performance,0.3,"gvn               3.157917
inline            1.250833
instcombine       1.250833
jump_threading    1.134583
dtype: float64","count    4.000000
mean     3.566515
std      3.421623
min      0.672461
25%      1.888270
50%      2.538065
75%      4.216310
max      8.517471
Name: % error, dtype: float64"
51,LinearRegression,False,RandomForest,"Index(['gvn', 'instcombine', 'inline', 'jump_threading'], dtype='object')",LinearRegression(),Performance,0.4,"gvn               18.883333
inline             7.535833
instcombine        7.535833
jump_threading     0.788333
dtype: float64","count    5.000000
mean     2.422346
std      0.978102
min      0.933077
25%      2.124838
50%      2.545460
75%      3.007944
max      3.500409
Name: % error, dtype: float64"
52,Lasso,False,RandomForest,"Index(['gvn', 'instcombine', 'inline', 'jump_threading'], dtype='object')","Lasso(alpha=25, max_iter=1)",Performance,0.4,"Series([], dtype: float64)","count     5.000000
mean      3.906216
std       6.676350
min       0.034867
25%       0.829564
50%       1.311614
75%       1.550845
max      15.804188
Name: % error, dtype: float64"
53,Ridge,False,RandomForest,"Index(['gvn', 'instcombine', 'inline', 'jump_threading'], dtype='object')",Ridge(alpha=25),Performance,0.4,"gvn               0.529283
instcombine       0.343737
inline            0.343737
jump_threading    0.119526
dtype: float64","count     5.000000
mean      3.830279
std       6.466494
min       0.023804
25%       0.888742
50%       1.371075
75%       1.517016
max      15.350757
Name: % error, dtype: float64"
54,ElasticNet,False,RandomForest,"Index(['gvn', 'instcombine', 'inline', 'jump_threading'], dtype='object')","ElasticNet(alpha=25, max_iter=1)",Performance,0.4,"Series([], dtype: float64)","count     5.000000
mean      3.906216
std       6.676350
min       0.034867
25%       0.829564
50%       1.311614
75%       1.550845
max      15.804188
Name: % error, dtype: float64"
55,PolynomialRegression,False,RandomForest,"Index(['gvn', 'instcombine', 'inline', 'jump_threading'], dtype='object')",LinearRegression(),Performance,0.4,"gvn               3.484583
inline            1.157500
instcombine       1.157500
jump_threading    0.854583
dtype: float64","count    5.000000
mean     3.506422
std      2.836120
min      0.691908
25%      2.124838
50%      3.007944
75%      3.500409
max      8.207011
Name: % error, dtype: float64"
56,LinearRegression,False,RandomForest,"Index(['gvn', 'instcombine', 'inline', 'jump_threading'], dtype='object')",LinearRegression(),Performance,0.5,"gvn               18.883333
jump_threading     0.788333
dtype: float64","count    6.000000
mean     4.806027
std      2.803544
min      2.124838
25%      3.131060
50%      3.786861
75%      5.834993
max      9.707438
Name: % error, dtype: float64"
57,Lasso,False,RandomForest,"Index(['gvn', 'instcombine', 'inline', 'jump_threading'], dtype='object')","Lasso(alpha=25, max_iter=1)",Performance,0.5,"Series([], dtype: float64)","count     6.000000
mean      4.652897
std       6.024907
min       0.704998
25%       1.697231
50%       2.181945
75%       4.034151
max      16.661281
Name: % error, dtype: float64"
58,Ridge,False,RandomForest,"Index(['gvn', 'instcombine', 'inline', 'jump_threading'], dtype='object')",Ridge(alpha=25),Performance,0.5,"gvn               0.592863
jump_threading    0.315351
dtype: float64","count     6.000000
mean      4.671989
std       5.962217
min       0.701893
25%       1.694096
50%       2.244500
75%       4.164577
max      16.525813
Name: % error, dtype: float64"
59,ElasticNet,False,RandomForest,"Index(['gvn', 'instcombine', 'inline', 'jump_threading'], dtype='object')","ElasticNet(alpha=25, l1_ratio=0.0, max_iter=1)",Performance,0.5,"gvn               0.122591
jump_threading    0.066960
dtype: float64","count     6.000000
mean      4.656931
std       6.012119
min       0.704068
25%       1.696292
50%       2.194953
75%       4.061566
max      16.633769
Name: % error, dtype: float64"
60,PolynomialRegression,False,RandomForest,"Index(['gvn', 'instcombine', 'inline', 'jump_threading'], dtype='object')",LinearRegression(),Performance,0.5,"gvn               3.966875e+00
jump_threading    9.510417e-01
instcombine       1.776357e-15
dtype: float64","count     6.000000
mean      4.205930
std       3.432115
min       2.124838
25%       2.567202
50%       3.024748
75%       3.385695
max      11.140547
Name: % error, dtype: float64"
61,LinearRegression,False,RandomForest,"Index(['gvn', 'instcombine', 'inline', 'jump_threading'], dtype='object')",LinearRegression(),Performance,0.6,"gvn               23.593333
jump_threading     3.921667
dtype: float64","count    7.000000
mean     5.184787
std      1.363117
min      3.856652
25%      4.065097
50%      4.956694
75%      5.940348
max      7.469271
Name: % error, dtype: float64"
62,Lasso,False,RandomForest,"Index(['gvn', 'instcombine', 'inline', 'jump_threading'], dtype='object')","Lasso(alpha=25, max_iter=1)",Performance,0.6,"Series([], dtype: float64)","count     7.000000
mean      4.193547
std       5.725670
min       0.639022
25%       1.269016
50%       2.191220
75%       3.588466
max      16.809621
Name: % error, dtype: float64"
63,Ridge,False,RandomForest,"Index(['gvn', 'instcombine', 'inline', 'jump_threading'], dtype='object')",Ridge(alpha=25),Performance,0.6,"gvn               0.605380
jump_threading    0.291243
dtype: float64","count     7.000000
mean      4.209714
std       5.667196
min       0.641366
25%       1.271374
50%       2.193599
75%       3.713610
max      16.663064
Name: % error, dtype: float64"
64,ElasticNet,False,RandomForest,"Index(['gvn', 'instcombine', 'inline', 'jump_threading'], dtype='object')","ElasticNet(alpha=25, l1_ratio=0.0, max_iter=1)",Performance,0.6,"gvn               0.156170
jump_threading    0.077197
dtype: float64","count     7.000000
mean      4.197669
std       5.710808
min       0.639204
25%       1.269199
50%       2.191404
75%       3.621185
max      16.772304
Name: % error, dtype: float64"
65,PolynomialRegression,False,RandomForest,"Index(['gvn', 'instcombine', 'inline', 'jump_threading'], dtype='object')",LinearRegression(),Performance,0.6,"gvn               4.751875e+00
jump_threading    1.660417e-01
instcombine       8.881784e-16
dtype: float64","count    7.000000
mean     4.634695
std      2.530998
min      2.093172
25%      3.114604
50%      4.056881
75%      5.207585
max      9.648435
Name: % error, dtype: float64"
66,LinearRegression,False,RandomForest,"Index(['gvn', 'instcombine', 'inline', 'jump_threading'], dtype='object')",LinearRegression(),Performance,0.7,"jump_threading    3.921667
dtype: float64","count     8.000000
mean      7.219918
std       5.079881
min       3.856652
25%       4.069205
50%       5.207585
75%       7.380266
max      18.680701
Name: % error, dtype: float64"
67,Lasso,False,RandomForest,"Index(['gvn', 'instcombine', 'inline', 'jump_threading'], dtype='object')","Lasso(alpha=25, max_iter=1)",Performance,0.7,"Series([], dtype: float64)","count     8.000000
mean      6.754315
std       5.497643
min       2.786269
25%       3.652340
50%       4.494813
75%       7.513954
max      19.301886
Name: % error, dtype: float64"
68,Ridge,False,RandomForest,"Index(['gvn', 'instcombine', 'inline', 'jump_threading'], dtype='object')",Ridge(alpha=25),Performance,0.7,"jump_threading    0.101861
dtype: float64","count     8.000000
mean      6.766409
std       5.485483
min       2.814071
25%       3.680376
50%       4.501854
75%       7.510481
max      19.285751
Name: % error, dtype: float64"
69,ElasticNet,False,RandomForest,"Index(['gvn', 'instcombine', 'inline', 'jump_threading'], dtype='object')","ElasticNet(alpha=25, l1_ratio=0.0, max_iter=1)",Performance,0.7,"jump_threading    0.034552
dtype: float64","count     8.000000
mean      6.758417
std       5.493511
min       2.795700
25%       3.661850
50%       4.497202
75%       7.512776
max      19.296413
Name: % error, dtype: float64"
70,PolynomialRegression,False,RandomForest,"Index(['gvn', 'instcombine', 'inline', 'jump_threading'], dtype='object')",LinearRegression(),Performance,0.7,"jump_threading    7.843333e-01
gvn               2.220446e-16
dtype: float64","count     8.000000
mean      7.177306
std       5.052144
min       3.856652
25%       4.069205
50%       5.207585
75%       7.295042
max      18.680701
Name: % error, dtype: float64"
71,LinearRegression,False,RandomForest,"Index(['gvn', 'instcombine', 'inline', 'jump_threading'], dtype='object')",LinearRegression(),Performance,0.8,"jump_threading    9.643333
dtype: float64","count     9.000000
mean      6.077486
std       4.358830
min       1.689053
25%       3.984149
50%       4.479267
75%       5.458476
max      15.961794
Name: % error, dtype: float64"
72,Lasso,False,RandomForest,"Index(['gvn', 'instcombine', 'inline', 'jump_threading'], dtype='object')","Lasso(alpha=25, max_iter=1)",Performance,0.8,"Series([], dtype: float64)","count     9.000000
mean      5.457563
std       5.209406
min       1.882608
25%       2.591921
50%       3.453986
75%       6.038719
max      18.253025
Name: % error, dtype: float64"
73,Ridge,False,RandomForest,"Index(['gvn', 'instcombine', 'inline', 'jump_threading'], dtype='object')",Ridge(alpha=25),Performance,0.8,"jump_threading    0.189085
dtype: float64","count     9.000000
mean      5.469718
std       5.186240
min       1.921315
25%       2.628928
50%       3.493290
75%       5.998434
max      18.208099
Name: % error, dtype: float64"
74,ElasticNet,False,RandomForest,"Index(['gvn', 'instcombine', 'inline', 'jump_threading'], dtype='object')","ElasticNet(alpha=25, l1_ratio=0.0, max_iter=1)",Performance,0.8,"jump_threading    0.095479
dtype: float64","count     9.000000
mean      5.463701
std       5.197682
min       1.902153
25%       2.610607
50%       3.473833
75%       6.018377
max      18.230340
Name: % error, dtype: float64"
75,PolynomialRegression,False,RandomForest,"Index(['gvn', 'instcombine', 'inline', 'jump_threading'], dtype='object')",LinearRegression(),Performance,0.8,"jump_threading    1.928667
dtype: float64","count     9.000000
mean      5.984346
std       4.266397
min       1.689053
25%       3.984149
50%       4.479267
75%       5.458476
max      15.961794
Name: % error, dtype: float64"
76,LinearRegression,False,RandomForest,"Index(['gvn', 'instcombine', 'inline', 'jump_threading'], dtype='object')",LinearRegression(),Performance,0.9,"Series([], dtype: float64)","count    10.000000
mean      3.858775
std       4.701470
min       0.091435
25%       1.087466
50%       2.745265
75%       4.355488
max      15.961794
Name: % error, dtype: float64"
77,Lasso,False,RandomForest,"Index(['gvn', 'instcombine', 'inline', 'jump_threading'], dtype='object')","Lasso(alpha=25, max_iter=1)",Performance,0.9,"Series([], dtype: float64)","count    10.000000
mean      3.858775
std       4.701470
min       0.091435
25%       1.087466
50%       2.745265
75%       4.355488
max      15.961794
Name: % error, dtype: float64"
78,Ridge,False,RandomForest,"Index(['gvn', 'instcombine', 'inline', 'jump_threading'], dtype='object')",Ridge(alpha=25),Performance,0.9,"Series([], dtype: float64)","count    10.000000
mean      3.858775
std       4.701470
min       0.091435
25%       1.087466
50%       2.745265
75%       4.355488
max      15.961794
Name: % error, dtype: float64"
79,ElasticNet,False,RandomForest,"Index(['gvn', 'instcombine', 'inline', 'jump_threading'], dtype='object')","ElasticNet(alpha=25, l1_ratio=0.0, max_iter=1)",Performance,0.9,"Series([], dtype: float64)","count    10.000000
mean      3.858775
std       4.701470
min       0.091435
25%       1.087466
50%       2.745265
75%       4.355488
max      15.961794
Name: % error, dtype: float64"
80,PolynomialRegression,False,RandomForest,"Index(['gvn', 'instcombine', 'inline', 'jump_threading'], dtype='object')",LinearRegression(),Performance,0.9,"Series([], dtype: float64)","count    10.000000
mean      3.858775
std       4.701470
min       0.091435
25%       1.087466
50%       2.745265
75%       4.355488
max      15.961794
Name: % error, dtype: float64"
81,LinearRegression,True,None,"Index(['root_1', 'time_passes_1', 'gvn_0', 'gvn_1', 'instcombine_0',
       'instcombine_1', 'inline_0', 'inline_1', 'jump_threading_0',
       'jump_threading_1', 'simplifycfg_0', 'simplifycfg_1', 'sccp_0',
       'sccp_1', 'print_used_types_0', 'print_used_types_1', 'ipsccp_0',
       'ipsccp_1', 'iv_users_0', 'iv_users_1', 'licm_0', 'licm_1'],
      dtype='object')",LinearRegression(),Performance,0.1,"gvn_0                 1.257333e+01
gvn_1                 1.257333e+01
sccp_0                5.721667e+00
sccp_1                5.721667e+00
simplifycfg_1         5.486667e+00
simplifycfg_0         5.486667e+00
iv_users_1            3.282500e+00
licm_1                3.282500e+00
iv_users_0            3.282500e+00
licm_0                3.282500e+00
inline_1              2.337500e+00
inline_0              2.337500e+00
instcombine_1         2.337500e+00
instcombine_0         2.337500e+00
print_used_types_0    1.280000e+00
print_used_types_1    1.280000e+00
ipsccp_0              5.750000e-01
ipsccp_1              5.750000e-01
jump_threading_1      1.233333e-01
jump_threading_0      1.233333e-01
root_1                1.121325e-14
time_passes_1         5.329071e-15
dtype: float64","count    2.000000
mean     2.470155
std      2.884022
min      0.430843
25%      1.450499
50%      2.470155
75%      3.489810
max      4.509466
Name: % error, dtype: float64"
82,Lasso,True,None,"Index(['root_1', 'time_passes_1', 'gvn_0', 'gvn_1', 'instcombine_0',
       'instcombine_1', 'inline_0', 'inline_1', 'jump_threading_0',
       'jump_threading_1', 'simplifycfg_0', 'simplifycfg_1', 'sccp_0',
       'sccp_1', 'print_used_types_0', 'print_used_types_1', 'ipsccp_0',
       'ipsccp_1', 'iv_users_0', 'iv_users_1', 'licm_0', 'licm_1'],
      dtype='object')","Lasso(alpha=25, max_iter=1)",Performance,0.1,"Series([], dtype: float64)","count     2.000000
mean      8.426050
std      10.055315
min       1.315869
25%       4.870959
50%       8.426050
75%      11.981140
max      15.536231
Name: % error, dtype: float64"
83,Ridge,True,None,"Index(['root_1', 'time_passes_1', 'gvn_0', 'gvn_1', 'instcombine_0',
       'instcombine_1', 'inline_0', 'inline_1', 'jump_threading_0',
       'jump_threading_1', 'simplifycfg_0', 'simplifycfg_1', 'sccp_0',
       'sccp_1', 'print_used_types_0', 'print_used_types_1', 'ipsccp_0',
       'ipsccp_1', 'iv_users_0', 'iv_users_1', 'licm_0', 'licm_1'],
      dtype='object')",Ridge(alpha=25),Performance,0.1,"gvn_1                 0.472697
gvn_0                 0.472697
iv_users_0            0.337947
licm_0                0.337947
iv_users_1            0.337947
licm_1                0.337947
inline_1              0.285223
inline_0              0.285223
instcombine_1         0.285223
instcombine_0         0.285223
jump_threading_0      0.243646
jump_threading_1      0.243646
ipsccp_0              0.204767
ipsccp_1              0.204767
sccp_1                0.189317
sccp_0                0.189317
simplifycfg_0         0.176285
simplifycfg_1         0.176285
print_used_types_0    0.133967
print_used_types_1    0.133967
dtype: float64","count     2.000000
mean      7.808794
std       9.403246
min       1.159695
25%       4.484245
50%       7.808794
75%      11.133344
max      14.457893
Name: % error, dtype: float64"
84,ElasticNet,True,None,"Index(['root_1', 'time_passes_1', 'gvn_0', 'gvn_1', 'instcombine_0',
       'instcombine_1', 'inline_0', 'inline_1', 'jump_threading_0',
       'jump_threading_1', 'simplifycfg_0', 'simplifycfg_1', 'sccp_0',
       'sccp_1', 'print_used_types_0', 'print_used_types_1', 'ipsccp_0',
       'ipsccp_1', 'iv_users_0', 'iv_users_1', 'licm_0', 'licm_1'],
      dtype='object')","ElasticNet(alpha=25, max_iter=1)",Performance,0.1,"Series([], dtype: float64)","count     2.000000
mean      8.426050
std      10.055315
min       1.315869
25%       4.870959
50%       8.426050
75%      11.981140
max      15.536231
Name: % error, dtype: float64"
85,LinearRegression,True,None,"Index(['root_1', 'time_passes_1', 'gvn_0', 'gvn_1', 'instcombine_0',
       'instcombine_1', 'inline_0', 'inline_1', 'jump_threading_0',
       'jump_threading_1', 'simplifycfg_0', 'simplifycfg_1', 'sccp_0',
       'sccp_1', 'print_used_types_0', 'print_used_types_1', 'ipsccp_0',
       'ipsccp_1', 'iv_users_0', 'iv_users_1', 'licm_0', 'licm_1'],
      dtype='object')",LinearRegression(),Performance,0.2,"gvn_0                 1.257333e+01
gvn_1                 1.257333e+01
sccp_1                5.721667e+00
sccp_0                5.721667e+00
simplifycfg_1         5.486667e+00
simplifycfg_0         5.486667e+00
licm_0                3.282500e+00
iv_users_1            3.282500e+00
iv_users_0            3.282500e+00
licm_1                3.282500e+00
instcombine_0         2.337500e+00
inline_0              2.337500e+00
inline_1              2.337500e+00
instcombine_1         2.337500e+00
print_used_types_0    9.275000e-01
print_used_types_1    9.275000e-01
ipsccp_0              9.275000e-01
ipsccp_1              9.275000e-01
jump_threading_1      1.233333e-01
jump_threading_0      1.233333e-01
root_1                1.687539e-14
time_passes_1         7.105427e-15
dtype: float64","count    3.000000
mean     1.744000
std      2.395974
min      0.291692
25%      0.361268
50%      0.430843
75%      2.470155
max      4.509466
Name: % error, dtype: float64"
86,Lasso,True,None,"Index(['root_1', 'time_passes_1', 'gvn_0', 'gvn_1', 'instcombine_0',
       'instcombine_1', 'inline_0', 'inline_1', 'jump_threading_0',
       'jump_threading_1', 'simplifycfg_0', 'simplifycfg_1', 'sccp_0',
       'sccp_1', 'print_used_types_0', 'print_used_types_1', 'ipsccp_0',
       'ipsccp_1', 'iv_users_0', 'iv_users_1', 'licm_0', 'licm_1'],
      dtype='object')","Lasso(alpha=25, max_iter=1)",Performance,0.2,"Series([], dtype: float64)","count     3.000000
mean      5.894518
std       8.431793
min       0.670788
25%       1.030861
50%       1.390934
75%       8.506383
max      15.621832
Name: % error, dtype: float64"
87,Ridge,True,None,"Index(['root_1', 'time_passes_1', 'gvn_0', 'gvn_1', 'instcombine_0',
       'instcombine_1', 'inline_0', 'inline_1', 'jump_threading_0',
       'jump_threading_1', 'simplifycfg_0', 'simplifycfg_1', 'sccp_0',
       'sccp_1', 'print_used_types_0', 'print_used_types_1', 'ipsccp_0',
       'ipsccp_1', 'iv_users_0', 'iv_users_1', 'licm_0', 'licm_1'],
      dtype='object')",Ridge(alpha=25),Performance,0.2,"gvn_0                 0.480965
gvn_1                 0.480965
iv_users_1            0.326434
iv_users_0            0.326434
licm_0                0.326434
licm_1                0.326434
inline_1              0.290363
inline_0              0.290363
instcombine_1         0.290363
instcombine_0         0.290363
jump_threading_0      0.225099
jump_threading_1      0.225099
simplifycfg_0         0.210546
simplifycfg_1         0.210546
sccp_1                0.207864
sccp_0                0.207864
print_used_types_0    0.179898
print_used_types_1    0.179898
ipsccp_0              0.179898
ipsccp_1              0.179898
dtype: float64","count     3.000000
mean      5.545041
std       7.766711
min       0.891050
25%       1.062014
50%       1.232979
75%       7.872036
max      14.511093
Name: % error, dtype: float64"
88,ElasticNet,True,None,"Index(['root_1', 'time_passes_1', 'gvn_0', 'gvn_1', 'instcombine_0',
       'instcombine_1', 'inline_0', 'inline_1', 'jump_threading_0',
       'jump_threading_1', 'simplifycfg_0', 'simplifycfg_1', 'sccp_0',
       'sccp_1', 'print_used_types_0', 'print_used_types_1', 'ipsccp_0',
       'ipsccp_1', 'iv_users_0', 'iv_users_1', 'licm_0', 'licm_1'],
      dtype='object')","ElasticNet(alpha=25, max_iter=1)",Performance,0.2,"Series([], dtype: float64)","count     3.000000
mean      5.894518
std       8.431793
min       0.670788
25%       1.030861
50%       1.390934
75%       8.506383
max      15.621832
Name: % error, dtype: float64"
89,LinearRegression,True,None,"Index(['root_1', 'time_passes_1', 'gvn_0', 'gvn_1', 'instcombine_0',
       'instcombine_1', 'inline_0', 'inline_1', 'jump_threading_0',
       'jump_threading_1', 'simplifycfg_0', 'simplifycfg_1', 'sccp_0',
       'sccp_1', 'print_used_types_0', 'print_used_types_1', 'ipsccp_0',
       'ipsccp_1', 'iv_users_0', 'iv_users_1', 'licm_0', 'licm_1'],
      dtype='object')",LinearRegression(),Performance,0.3,"gvn_1                 1.257333e+01
gvn_0                 1.257333e+01
sccp_1                5.721667e+00
sccp_0                5.721667e+00
simplifycfg_1         5.486667e+00
simplifycfg_0         5.486667e+00
instcombine_1         2.337500e+00
inline_1              2.337500e+00
inline_0              2.337500e+00
instcombine_0         2.337500e+00
iv_users_1            1.177500e+00
ipsccp_1              1.177500e+00
print_used_types_1    1.177500e+00
licm_1                1.177500e+00
print_used_types_0    1.177500e+00
ipsccp_0              1.177500e+00
iv_users_0            1.177500e+00
licm_0                1.177500e+00
jump_threading_0      1.233333e-01
jump_threading_1      1.233333e-01
time_passes_1         1.065814e-14
root_1                3.386180e-15
dtype: float64","count    4.000000
mean     2.618572
std      1.777780
min      0.430843
25%      1.632887
50%      2.766989
75%      3.752673
max      4.509466
Name: % error, dtype: float64"
90,Lasso,True,None,"Index(['root_1', 'time_passes_1', 'gvn_0', 'gvn_1', 'instcombine_0',
       'instcombine_1', 'inline_0', 'inline_1', 'jump_threading_0',
       'jump_threading_1', 'simplifycfg_0', 'simplifycfg_1', 'sccp_0',
       'sccp_1', 'print_used_types_0', 'print_used_types_1', 'ipsccp_0',
       'ipsccp_1', 'iv_users_0', 'iv_users_1', 'licm_0', 'licm_1'],
      dtype='object')","Lasso(alpha=25, max_iter=1)",Performance,0.3,"Series([], dtype: float64)","count     4.000000
mean      4.879278
std       7.293292
min       0.834588
25%       1.196143
50%       1.436284
75%       5.119418
max      15.809958
Name: % error, dtype: float64"
91,Ridge,True,None,"Index(['root_1', 'time_passes_1', 'gvn_0', 'gvn_1', 'instcombine_0',
       'instcombine_1', 'inline_0', 'inline_1', 'jump_threading_0',
       'jump_threading_1', 'simplifycfg_0', 'simplifycfg_1', 'sccp_0',
       'sccp_1', 'print_used_types_0', 'print_used_types_1', 'ipsccp_0',
       'ipsccp_1', 'iv_users_0', 'iv_users_1', 'licm_0', 'licm_1'],
      dtype='object')",Ridge(alpha=2),Performance,0.3,"gvn_0                 3.438796
gvn_1                 3.438796
jump_threading_1      1.775847
jump_threading_0      1.775847
instcombine_0         1.735595
instcombine_1         1.735595
inline_0              1.735595
inline_1              1.735595
sccp_1                1.146653
sccp_0                1.146653
print_used_types_1    0.875370
ipsccp_1              0.875370
iv_users_1            0.875370
licm_0                0.875370
licm_1                0.875370
print_used_types_0    0.875370
ipsccp_0              0.875370
iv_users_0            0.875370
simplifycfg_1         0.542222
simplifycfg_0         0.542222
dtype: float64","count    4.000000
mean     4.218916
std      3.850265
min      1.641418
25%      1.954782
50%      2.667115
75%      4.931249
max      9.900018
Name: % error, dtype: float64"
92,ElasticNet,True,None,"Index(['root_1', 'time_passes_1', 'gvn_0', 'gvn_1', 'instcombine_0',
       'instcombine_1', 'inline_0', 'inline_1', 'jump_threading_0',
       'jump_threading_1', 'simplifycfg_0', 'simplifycfg_1', 'sccp_0',
       'sccp_1', 'print_used_types_0', 'print_used_types_1', 'ipsccp_0',
       'ipsccp_1', 'iv_users_0', 'iv_users_1', 'licm_0', 'licm_1'],
      dtype='object')","ElasticNet(l1_ratio=0.0, max_iter=1)",Performance,0.3,"gvn_0                 1.734788
gvn_1                 1.545538
instcombine_0         1.208976
simplifycfg_0         1.080191
instcombine_1         1.077087
inline_0              0.959587
print_used_types_0    0.924629
simplifycfg_1         0.897108
inline_1              0.854905
print_used_types_1    0.823760
sccp_0                0.756871
ipsccp_0              0.733896
ipsccp_1              0.653834
sccp_1                0.607979
iv_users_0            0.582507
iv_users_1            0.518961
licm_0                0.462347
jump_threading_0      0.457780
licm_1                0.411909
jump_threading_1      0.367725
dtype: float64","count     4.000000
mean      4.698876
std       5.000824
min       0.943261
25%       2.014883
50%       2.905260
75%       5.589254
max      12.041724
Name: % error, dtype: float64"
93,LinearRegression,True,None,"Index(['root_1', 'time_passes_1', 'gvn_0', 'gvn_1', 'instcombine_0',
       'instcombine_1', 'inline_0', 'inline_1', 'jump_threading_0',
       'jump_threading_1', 'simplifycfg_0', 'simplifycfg_1', 'sccp_0',
       'sccp_1', 'print_used_types_0', 'print_used_types_1', 'ipsccp_0',
       'ipsccp_1', 'iv_users_0', 'iv_users_1', 'licm_0', 'licm_1'],
      dtype='object')",LinearRegression(),Performance,0.4,"gvn_0                 6.594444e+00
gvn_1                 6.594444e+00
jump_threading_1      6.102222e+00
jump_threading_0      6.102222e+00
sccp_0                5.721667e+00
sccp_1                5.721667e+00
instcombine_0         2.337500e+00
instcombine_1         2.337500e+00
inline_0              2.337500e+00
inline_1              2.337500e+00
print_used_types_1    1.177500e+00
licm_1                1.177500e+00
iv_users_1            1.177500e+00
ipsccp_1              1.177500e+00
licm_0                1.177500e+00
print_used_types_0    1.177500e+00
iv_users_0            1.177500e+00
ipsccp_0              1.177500e+00
simplifycfg_1         4.922222e-01
simplifycfg_0         4.922222e-01
root_1                3.552714e-15
time_passes_1         4.440892e-16
dtype: float64","count    5.000000
mean     4.039992
std      1.299352
min      2.033569
25%      3.500409
50%      4.509466
75%      4.905084
max      5.251431
Name: % error, dtype: float64"
94,Lasso,True,None,"Index(['root_1', 'time_passes_1', 'gvn_0', 'gvn_1', 'instcombine_0',
       'instcombine_1', 'inline_0', 'inline_1', 'jump_threading_0',
       'jump_threading_1', 'simplifycfg_0', 'simplifycfg_1', 'sccp_0',
       'sccp_1', 'print_used_types_0', 'print_used_types_1', 'ipsccp_0',
       'ipsccp_1', 'iv_users_0', 'iv_users_1', 'licm_0', 'licm_1'],
      dtype='object')","Lasso(alpha=0.01, max_iter=100)",Performance,0.4,"gvn_0                 1.417407e+01
sccp_0                1.132442e+01
jump_threading_0      1.104006e+01
print_used_types_0    9.299705e+00
instcombine_0         9.288748e+00
gvn_1                 1.839612e-13
instcombine_1         8.128498e-14
print_used_types_1    6.594725e-15
sccp_1                5.656933e-15
ipsccp_1              4.163336e-17
iv_users_0            2.498002e-17
ipsccp_0              1.665335e-17
licm_1                1.665335e-17
inline_0              8.326673e-18
inline_1              8.326673e-18
dtype: float64","count    5.000000
mean     4.428444
std      1.116719
min      2.537027
25%      4.427752
50%      4.812037
75%      4.931870
max      5.433532
Name: % error, dtype: float64"
95,Ridge,True,None,"Index(['root_1', 'time_passes_1', 'gvn_0', 'gvn_1', 'instcombine_0',
       'instcombine_1', 'inline_0', 'inline_1', 'jump_threading_0',
       'jump_threading_1', 'simplifycfg_0', 'simplifycfg_1', 'sccp_0',
       'sccp_1', 'print_used_types_0', 'print_used_types_1', 'ipsccp_0',
       'ipsccp_1', 'iv_users_0', 'iv_users_1', 'licm_0', 'licm_1'],
      dtype='object')",Ridge(alpha=0.01),Performance,0.4,"gvn_0                 6.554221
gvn_1                 6.554221
jump_threading_0      6.051185
jump_threading_1      6.051185
sccp_1                5.646644
sccp_0                5.646644
inline_0              2.339917
instcombine_0         2.339917
inline_1              2.339917
instcombine_1         2.339917
print_used_types_0    1.175191
print_used_types_1    1.175191
ipsccp_0              1.175191
ipsccp_1              1.175191
iv_users_0            1.175191
iv_users_1            1.175191
licm_0                1.175191
licm_1                1.175191
simplifycfg_0         0.503035
simplifycfg_1         0.503035
dtype: float64","count    5.000000
mean     4.028587
std      1.297528
min      2.034439
25%      3.499363
50%      4.458706
75%      4.849649
max      5.300778
Name: % error, dtype: float64"
96,ElasticNet,True,None,"Index(['root_1', 'time_passes_1', 'gvn_0', 'gvn_1', 'instcombine_0',
       'instcombine_1', 'inline_0', 'inline_1', 'jump_threading_0',
       'jump_threading_1', 'simplifycfg_0', 'simplifycfg_1', 'sccp_0',
       'sccp_1', 'print_used_types_0', 'print_used_types_1', 'ipsccp_0',
       'ipsccp_1', 'iv_users_0', 'iv_users_1', 'licm_0', 'licm_1'],
      dtype='object')","ElasticNet(alpha=0.01, l1_ratio=0.0, max_iter=100)",Performance,0.4,"gvn_0                 6.377664
gvn_1                 6.352411
jump_threading_1      5.830502
jump_threading_0      5.783904
sccp_0                5.299970
sccp_1                5.299427
instcombine_0         2.349454
instcombine_1         2.348770
inline_1              2.345142
inline_0              2.344090
licm_0                1.432150
licm_1                1.395629
iv_users_1            1.318053
print_used_types_0    1.207039
iv_users_0            1.113846
print_used_types_1    0.999694
ipsccp_1              0.934400
ipsccp_0              0.886402
simplifycfg_1         0.572720
simplifycfg_0         0.536880
dtype: float64","count    5.000000
mean     3.915613
std      1.354047
min      1.992518
25%      3.237082
50%      4.222201
75%      4.590120
max      5.536144
Name: % error, dtype: float64"
97,LinearRegression,True,None,"Index(['root_1', 'time_passes_1', 'gvn_0', 'gvn_1', 'instcombine_0',
       'instcombine_1', 'inline_0', 'inline_1', 'jump_threading_0',
       'jump_threading_1', 'simplifycfg_0', 'simplifycfg_1', 'sccp_0',
       'sccp_1', 'print_used_types_0', 'print_used_types_1', 'ipsccp_0',
       'ipsccp_1', 'iv_users_0', 'iv_users_1', 'licm_0', 'licm_1'],
      dtype='object')",LinearRegression(),Performance,0.5,"gvn_0                 6.594444e+00
gvn_1                 6.594444e+00
jump_threading_0      6.102222e+00
jump_threading_1      6.102222e+00
sccp_1                5.721667e+00
sccp_0                5.721667e+00
print_used_types_1    1.177500e+00
iv_users_1            1.177500e+00
ipsccp_1              1.177500e+00
licm_1                1.177500e+00
print_used_types_0    1.177500e+00
ipsccp_0              1.177500e+00
iv_users_0            1.177500e+00
licm_0                1.177500e+00
simplifycfg_1         4.922222e-01
simplifycfg_0         4.922222e-01
root_1                2.930989e-14
time_passes_1         8.881784e-15
dtype: float64","count    6.000000
mean     5.095881
std      2.690619
min      2.033569
25%      3.621344
50%      4.444616
75%      6.069450
max      9.694503
Name: % error, dtype: float64"
98,Lasso,True,None,"Index(['root_1', 'time_passes_1', 'gvn_0', 'gvn_1', 'instcombine_0',
       'instcombine_1', 'inline_0', 'inline_1', 'jump_threading_0',
       'jump_threading_1', 'simplifycfg_0', 'simplifycfg_1', 'sccp_0',
       'sccp_1', 'print_used_types_0', 'print_used_types_1', 'ipsccp_0',
       'ipsccp_1', 'iv_users_0', 'iv_users_1', 'licm_0', 'licm_1'],
      dtype='object')","Lasso(alpha=25, max_iter=1)",Performance,0.5,"Series([], dtype: float64)","count     6.000000
mean      4.652897
std       6.024907
min       0.704998
25%       1.697231
50%       2.181945
75%       4.034151
max      16.661281
Name: % error, dtype: float64"
99,Ridge,True,None,"Index(['root_1', 'time_passes_1', 'gvn_0', 'gvn_1', 'instcombine_0',
       'instcombine_1', 'inline_0', 'inline_1', 'jump_threading_0',
       'jump_threading_1', 'simplifycfg_0', 'simplifycfg_1', 'sccp_0',
       'sccp_1', 'print_used_types_0', 'print_used_types_1', 'ipsccp_0',
       'ipsccp_1', 'iv_users_0', 'iv_users_1', 'licm_0', 'licm_1'],
      dtype='object')",Ridge(alpha=25),Performance,0.5,"gvn_0                 0.548904
gvn_1                 0.548904
jump_threading_0      0.338522
jump_threading_1      0.338522
licm_1                0.253096
print_used_types_0    0.253096
print_used_types_1    0.253096
ipsccp_0              0.253096
ipsccp_1              0.253096
iv_users_0            0.253096
iv_users_1            0.253096
licm_0                0.253096
simplifycfg_0         0.210382
simplifycfg_1         0.210382
sccp_1                0.057313
sccp_0                0.057313
dtype: float64","count     6.000000
mean      4.596395
std       5.806422
min       0.411206
25%       1.866306
50%       2.370516
75%       4.047807
max      16.120994
Name: % error, dtype: float64"
100,ElasticNet,True,None,"Index(['root_1', 'time_passes_1', 'gvn_0', 'gvn_1', 'instcombine_0',
       'instcombine_1', 'inline_0', 'inline_1', 'jump_threading_0',
       'jump_threading_1', 'simplifycfg_0', 'simplifycfg_1', 'sccp_0',
       'sccp_1', 'print_used_types_0', 'print_used_types_1', 'ipsccp_0',
       'ipsccp_1', 'iv_users_0', 'iv_users_1', 'licm_0', 'licm_1'],
      dtype='object')","ElasticNet(alpha=25, l1_ratio=0.0, max_iter=1)",Performance,0.5,"gvn_0                 0.122591
gvn_1                 0.121812
jump_threading_0      0.066573
jump_threading_1      0.065940
print_used_types_0    0.064427
print_used_types_1    0.064017
ipsccp_0              0.063610
ipsccp_1              0.063206
iv_users_0            0.062804
iv_users_1            0.062404
licm_0                0.062008
licm_1                0.061613
simplifycfg_0         0.054920
simplifycfg_1         0.054398
sccp_0                0.012374
sccp_1                0.012295
dtype: float64","count     6.000000
mean      4.637641
std       5.969646
min       0.635918
25%       1.749360
50%       2.225512
75%       4.021511
max      16.528086
Name: % error, dtype: float64"
101,LinearRegression,True,None,"Index(['root_1', 'time_passes_1', 'gvn_0', 'gvn_1', 'instcombine_0',
       'instcombine_1', 'inline_0', 'inline_1', 'jump_threading_0',
       'jump_threading_1', 'simplifycfg_0', 'simplifycfg_1', 'sccp_0',
       'sccp_1', 'print_used_types_0', 'print_used_types_1', 'ipsccp_0',
       'ipsccp_1', 'iv_users_0', 'iv_users_1', 'licm_0', 'licm_1'],
      dtype='object')",LinearRegression(),Performance,0.6,"gvn_0                 6.843636e+00
gvn_1                 6.843636e+00
jump_threading_0      5.853030e+00
jump_threading_1      5.853030e+00
sccp_1                5.721667e+00
sccp_0                5.721667e+00
ipsccp_0              9.906061e-01
licm_0                9.906061e-01
iv_users_1            9.906061e-01
iv_users_0            9.906061e-01
ipsccp_1              9.906061e-01
licm_1                9.906061e-01
print_used_types_1    9.906061e-01
print_used_types_0    9.906061e-01
simplifycfg_1         9.906061e-01
simplifycfg_0         9.906061e-01
time_passes_1         2.575717e-14
root_1                1.421085e-14
dtype: float64","count    7.000000
mean     4.502985
std      2.837745
min      0.612131
25%      3.154363
50%      3.984149
75%      5.579110
max      9.457673
Name: % error, dtype: float64"
102,Lasso,True,None,"Index(['root_1', 'time_passes_1', 'gvn_0', 'gvn_1', 'instcombine_0',
       'instcombine_1', 'inline_0', 'inline_1', 'jump_threading_0',
       'jump_threading_1', 'simplifycfg_0', 'simplifycfg_1', 'sccp_0',
       'sccp_1', 'print_used_types_0', 'print_used_types_1', 'ipsccp_0',
       'ipsccp_1', 'iv_users_0', 'iv_users_1', 'licm_0', 'licm_1'],
      dtype='object')","Lasso(alpha=25, max_iter=1)",Performance,0.6,"Series([], dtype: float64)","count     7.000000
mean      4.193547
std       5.725670
min       0.639022
25%       1.269016
50%       2.191220
75%       3.588466
max      16.809621
Name: % error, dtype: float64"
103,Ridge,True,None,"Index(['root_1', 'time_passes_1', 'gvn_0', 'gvn_1', 'instcombine_0',
       'instcombine_1', 'inline_0', 'inline_1', 'jump_threading_0',
       'jump_threading_1', 'simplifycfg_0', 'simplifycfg_1', 'sccp_0',
       'sccp_1', 'print_used_types_0', 'print_used_types_1', 'ipsccp_0',
       'ipsccp_1', 'iv_users_0', 'iv_users_1', 'licm_0', 'licm_1'],
      dtype='object')",Ridge(alpha=25),Performance,0.6,"gvn_0                 0.560173
gvn_1                 0.560173
jump_threading_0      0.318212
jump_threading_1      0.318212
simplifycfg_0         0.241962
simplifycfg_1         0.241962
print_used_types_0    0.241962
print_used_types_1    0.241962
ipsccp_0              0.241962
ipsccp_1              0.241962
iv_users_0            0.241962
iv_users_1            0.241962
licm_0                0.241962
licm_1                0.241962
sccp_0                0.067078
sccp_1                0.067078
dtype: float64","count     7.000000
mean      4.125572
std       5.518409
min       0.528005
25%       1.220434
50%       2.443751
75%       3.620046
max      16.226287
Name: % error, dtype: float64"
104,ElasticNet,True,None,"Index(['root_1', 'time_passes_1', 'gvn_0', 'gvn_1', 'instcombine_0',
       'instcombine_1', 'inline_0', 'inline_1', 'jump_threading_0',
       'jump_threading_1', 'simplifycfg_0', 'simplifycfg_1', 'sccp_0',
       'sccp_1', 'print_used_types_0', 'print_used_types_1', 'ipsccp_0',
       'ipsccp_1', 'iv_users_0', 'iv_users_1', 'licm_0', 'licm_1'],
      dtype='object')","ElasticNet(alpha=25, l1_ratio=0.0, max_iter=1)",Performance,0.6,"gvn_0                 0.156170
gvn_1                 0.155008
simplifycfg_0         0.077989
simplifycfg_1         0.077409
print_used_types_0    0.076739
jump_threading_0      0.076430
print_used_types_1    0.076168
jump_threading_1      0.075673
ipsccp_0              0.075601
ipsccp_1              0.075038
iv_users_0            0.074480
iv_users_1            0.073925
licm_0                0.073375
licm_1                0.072829
sccp_0                0.018850
sccp_1                0.018710
dtype: float64","count     7.000000
mean      4.173459
std       5.659731
min       0.630074
25%       1.252069
50%       2.308325
75%       3.569864
max      16.631950
Name: % error, dtype: float64"
105,LinearRegression,True,None,"Index(['root_1', 'time_passes_1', 'gvn_0', 'gvn_1', 'instcombine_0',
       'instcombine_1', 'inline_0', 'inline_1', 'jump_threading_0',
       'jump_threading_1', 'simplifycfg_0', 'simplifycfg_1', 'sccp_0',
       'sccp_1', 'print_used_types_0', 'print_used_types_1', 'ipsccp_0',
       'ipsccp_1', 'iv_users_0', 'iv_users_1', 'licm_0', 'licm_1'],
      dtype='object')",LinearRegression(),Performance,0.7,"sccp_1                5.721667e+00
sccp_0                5.721667e+00
jump_threading_0      1.500000e-01
simplifycfg_0         1.500000e-01
print_used_types_0    1.500000e-01
ipsccp_0              1.500000e-01
iv_users_0            1.500000e-01
licm_0                1.500000e-01
jump_threading_1      1.500000e-01
simplifycfg_1         1.500000e-01
print_used_types_1    1.500000e-01
ipsccp_1              1.500000e-01
iv_users_1            1.500000e-01
licm_1                1.500000e-01
root_1                1.332268e-15
time_passes_1         8.881784e-16
dtype: float64","count     8.000000
mean      6.589583
std       4.837421
min       0.021877
25%       4.256996
50%       5.518489
75%       7.569767
max      15.961794
Name: % error, dtype: float64"
106,Lasso,True,None,"Index(['root_1', 'time_passes_1', 'gvn_0', 'gvn_1', 'instcombine_0',
       'instcombine_1', 'inline_0', 'inline_1', 'jump_threading_0',
       'jump_threading_1', 'simplifycfg_0', 'simplifycfg_1', 'sccp_0',
       'sccp_1', 'print_used_types_0', 'print_used_types_1', 'ipsccp_0',
       'ipsccp_1', 'iv_users_0', 'iv_users_1', 'licm_0', 'licm_1'],
      dtype='object')","Lasso(alpha=25, max_iter=1)",Performance,0.7,"Series([], dtype: float64)","count     8.000000
mean      6.754315
std       5.497643
min       2.786269
25%       3.652340
50%       4.494813
75%       7.513954
max      19.301886
Name: % error, dtype: float64"
107,Ridge,True,None,"Index(['root_1', 'time_passes_1', 'gvn_0', 'gvn_1', 'instcombine_0',
       'instcombine_1', 'inline_0', 'inline_1', 'jump_threading_0',
       'jump_threading_1', 'simplifycfg_0', 'simplifycfg_1', 'sccp_0',
       'sccp_1', 'print_used_types_0', 'print_used_types_1', 'ipsccp_0',
       'ipsccp_1', 'iv_users_0', 'iv_users_1', 'licm_0', 'licm_1'],
      dtype='object')",Ridge(alpha=25),Performance,0.7,"sccp_0                0.255670
sccp_1                0.255670
jump_threading_0      0.074061
jump_threading_1      0.074061
simplifycfg_0         0.074061
simplifycfg_1         0.074061
print_used_types_0    0.074061
print_used_types_1    0.074061
ipsccp_0              0.074061
ipsccp_1              0.074061
iv_users_0            0.074061
iv_users_1            0.074061
licm_0                0.074061
licm_1                0.074061
dtype: float64","count     8.000000
mean      6.701570
std       5.393641
min       2.783841
25%       3.719099
50%       4.565610
75%       7.312761
max      18.999122
Name: % error, dtype: float64"
108,ElasticNet,True,None,"Index(['root_1', 'time_passes_1', 'gvn_0', 'gvn_1', 'instcombine_0',
       'instcombine_1', 'inline_0', 'inline_1', 'jump_threading_0',
       'jump_threading_1', 'simplifycfg_0', 'simplifycfg_1', 'sccp_0',
       'sccp_1', 'print_used_types_0', 'print_used_types_1', 'ipsccp_0',
       'ipsccp_1', 'iv_users_0', 'iv_users_1', 'licm_0', 'licm_1'],
      dtype='object')","ElasticNet(alpha=25, l1_ratio=0.0, max_iter=1)",Performance,0.7,"sccp_0                0.092292
sccp_1                0.091479
jump_threading_0      0.034552
jump_threading_1      0.034248
simplifycfg_0         0.033946
simplifycfg_1         0.033647
print_used_types_0    0.032541
print_used_types_1    0.032254
ipsccp_0              0.031970
ipsccp_1              0.031688
iv_users_0            0.031409
iv_users_1            0.031132
licm_0                0.030858
licm_1                0.030586
dtype: float64","count     8.000000
mean      6.733536
std       5.455218
min       2.814125
25%       3.674760
50%       4.521415
75%       7.433427
max      19.182078
Name: % error, dtype: float64"
109,LinearRegression,True,None,"Index(['root_1', 'time_passes_1', 'gvn_0', 'gvn_1', 'instcombine_0',
       'instcombine_1', 'inline_0', 'inline_1', 'jump_threading_0',
       'jump_threading_1', 'simplifycfg_0', 'simplifycfg_1', 'sccp_0',
       'sccp_1', 'print_used_types_0', 'print_used_types_1', 'ipsccp_0',
       'ipsccp_1', 'iv_users_0', 'iv_users_1', 'licm_0', 'licm_1'],
      dtype='object')",LinearRegression(),Performance,0.8,"jump_threading_0      6.888095e-01
jump_threading_1      6.888095e-01
simplifycfg_0         6.888095e-01
simplifycfg_1         6.888095e-01
sccp_0                6.888095e-01
sccp_1                6.888095e-01
print_used_types_0    6.888095e-01
print_used_types_1    6.888095e-01
ipsccp_0              6.888095e-01
ipsccp_1              6.888095e-01
iv_users_0            6.888095e-01
iv_users_1            6.888095e-01
licm_0                6.888095e-01
licm_1                6.888095e-01
root_1                4.440892e-16
dtype: float64","count     9.000000
mean      4.804042
std       4.588772
min       0.666283
25%       2.263117
50%       3.940025
75%       4.313053
max      15.961794
Name: % error, dtype: float64"
110,Lasso,True,None,"Index(['root_1', 'time_passes_1', 'gvn_0', 'gvn_1', 'instcombine_0',
       'instcombine_1', 'inline_0', 'inline_1', 'jump_threading_0',
       'jump_threading_1', 'simplifycfg_0', 'simplifycfg_1', 'sccp_0',
       'sccp_1', 'print_used_types_0', 'print_used_types_1', 'ipsccp_0',
       'ipsccp_1', 'iv_users_0', 'iv_users_1', 'licm_0', 'licm_1'],
      dtype='object')","Lasso(alpha=25, max_iter=1)",Performance,0.8,"Series([], dtype: float64)","count     9.000000
mean      5.457563
std       5.209406
min       1.882608
25%       2.591921
50%       3.453986
75%       6.038719
max      18.253025
Name: % error, dtype: float64"
111,Ridge,True,None,"Index(['root_1', 'time_passes_1', 'gvn_0', 'gvn_1', 'instcombine_0',
       'instcombine_1', 'inline_0', 'inline_1', 'jump_threading_0',
       'jump_threading_1', 'simplifycfg_0', 'simplifycfg_1', 'sccp_0',
       'sccp_1', 'print_used_types_0', 'print_used_types_1', 'ipsccp_0',
       'ipsccp_1', 'iv_users_0', 'iv_users_1', 'licm_0', 'licm_1'],
      dtype='object')",Ridge(alpha=25),Performance,0.8,"jump_threading_0      0.150677
jump_threading_1      0.150677
simplifycfg_0         0.150677
simplifycfg_1         0.150677
sccp_0                0.150677
sccp_1                0.150677
print_used_types_0    0.150677
print_used_types_1    0.150677
ipsccp_0              0.150677
ipsccp_1              0.150677
iv_users_0            0.150677
iv_users_1            0.150677
licm_0                0.150677
licm_1                0.150677
dtype: float64","count     9.000000
mean      5.314605
std       5.052284
min       1.769993
25%       2.886819
50%       3.384335
75%       5.589282
max      17.751819
Name: % error, dtype: float64"
112,ElasticNet,True,None,"Index(['root_1', 'time_passes_1', 'gvn_0', 'gvn_1', 'instcombine_0',
       'instcombine_1', 'inline_0', 'inline_1', 'jump_threading_0',
       'jump_threading_1', 'simplifycfg_0', 'simplifycfg_1', 'sccp_0',
       'sccp_1', 'print_used_types_0', 'print_used_types_1', 'ipsccp_0',
       'ipsccp_1', 'iv_users_0', 'iv_users_1', 'licm_0', 'licm_1'],
      dtype='object')","ElasticNet(alpha=25, l1_ratio=0.0, max_iter=1)",Performance,0.8,"jump_threading_0      0.095479
jump_threading_1      0.094533
simplifycfg_0         0.093597
simplifycfg_1         0.092671
sccp_0                0.091753
sccp_1                0.090845
print_used_types_0    0.089945
print_used_types_1    0.089055
ipsccp_0              0.088173
ipsccp_1              0.087300
iv_users_0            0.086435
iv_users_1            0.085580
licm_0                0.084732
licm_1                0.083893
dtype: float64","count     9.000000
mean      5.376549
std       5.113181
min       1.854720
25%       2.765872
50%       3.513093
75%       5.771549
max      17.955081
Name: % error, dtype: float64"
113,LinearRegression,True,None,"Index(['root_1', 'time_passes_1', 'gvn_0', 'gvn_1', 'instcombine_0',
       'instcombine_1', 'inline_0', 'inline_1', 'jump_threading_0',
       'jump_threading_1', 'simplifycfg_0', 'simplifycfg_1', 'sccp_0',
       'sccp_1', 'print_used_types_0', 'print_used_types_1', 'ipsccp_0',
       'ipsccp_1', 'iv_users_0', 'iv_users_1', 'licm_0', 'licm_1'],
      dtype='object')",LinearRegression(),Performance,0.9,"Series([], dtype: float64)","count    10.000000
mean      3.858775
std       4.701470
min       0.091435
25%       1.087466
50%       2.745265
75%       4.355488
max      15.961794
Name: % error, dtype: float64"
114,Lasso,True,None,"Index(['root_1', 'time_passes_1', 'gvn_0', 'gvn_1', 'instcombine_0',
       'instcombine_1', 'inline_0', 'inline_1', 'jump_threading_0',
       'jump_threading_1', 'simplifycfg_0', 'simplifycfg_1', 'sccp_0',
       'sccp_1', 'print_used_types_0', 'print_used_types_1', 'ipsccp_0',
       'ipsccp_1', 'iv_users_0', 'iv_users_1', 'licm_0', 'licm_1'],
      dtype='object')","Lasso(alpha=25, max_iter=1)",Performance,0.9,"Series([], dtype: float64)","count    10.000000
mean      3.858775
std       4.701470
min       0.091435
25%       1.087466
50%       2.745265
75%       4.355488
max      15.961794
Name: % error, dtype: float64"
115,Ridge,True,None,"Index(['root_1', 'time_passes_1', 'gvn_0', 'gvn_1', 'instcombine_0',
       'instcombine_1', 'inline_0', 'inline_1', 'jump_threading_0',
       'jump_threading_1', 'simplifycfg_0', 'simplifycfg_1', 'sccp_0',
       'sccp_1', 'print_used_types_0', 'print_used_types_1', 'ipsccp_0',
       'ipsccp_1', 'iv_users_0', 'iv_users_1', 'licm_0', 'licm_1'],
      dtype='object')",Ridge(alpha=25),Performance,0.9,"Series([], dtype: float64)","count    10.000000
mean      3.858775
std       4.701470
min       0.091435
25%       1.087466
50%       2.745265
75%       4.355488
max      15.961794
Name: % error, dtype: float64"
116,ElasticNet,True,None,"Index(['root_1', 'time_passes_1', 'gvn_0', 'gvn_1', 'instcombine_0',
       'instcombine_1', 'inline_0', 'inline_1', 'jump_threading_0',
       'jump_threading_1', 'simplifycfg_0', 'simplifycfg_1', 'sccp_0',
       'sccp_1', 'print_used_types_0', 'print_used_types_1', 'ipsccp_0',
       'ipsccp_1', 'iv_users_0', 'iv_users_1', 'licm_0', 'licm_1'],
      dtype='object')","ElasticNet(alpha=25, l1_ratio=0.0, max_iter=1)",Performance,0.9,"Series([], dtype: float64)","count    10.000000
mean      3.858775
std       4.701470
min       0.091435
25%       1.087466
50%       2.745265
75%       4.355488
max      15.961794
Name: % error, dtype: float64"
117,LinearRegression,True,RandomForest,"Index(['gvn_0', 'gvn_1', 'instcombine_0', 'instcombine_1'], dtype='object')",LinearRegression(),Performance,0.1,"instcombine_1    1.749045e+15
instcombine_0    1.749045e+15
gvn_1            5.353214e+14
gvn_0            5.353214e+14
dtype: float64","count    2.000000
mean     3.070740
std      1.409868
min      2.073813
25%      2.572276
50%      3.070740
75%      3.569204
max      4.067668
Name: % error, dtype: float64"
118,Lasso,True,RandomForest,"Index(['gvn_0', 'gvn_1', 'instcombine_0', 'instcombine_1'], dtype='object')","Lasso(alpha=25, max_iter=1)",Performance,0.1,"Series([], dtype: float64)","count     2.000000
mean      8.426050
std      10.055315
min       1.315869
25%       4.870959
50%       8.426050
75%      11.981140
max      15.536231
Name: % error, dtype: float64"
119,Ridge,True,RandomForest,"Index(['gvn_0', 'gvn_1', 'instcombine_0', 'instcombine_1'], dtype='object')",Ridge(alpha=25),Performance,0.1,"gvn_0            0.490164
gvn_1            0.490164
instcombine_0    0.319794
instcombine_1    0.319794
dtype: float64","count     2.000000
mean      7.988169
std       9.706903
min       1.124351
25%       4.556260
50%       7.988169
75%      11.420077
max      14.851986
Name: % error, dtype: float64"
120,ElasticNet,True,RandomForest,"Index(['gvn_0', 'gvn_1', 'instcombine_0', 'instcombine_1'], dtype='object')","ElasticNet(alpha=25, max_iter=1)",Performance,0.1,"Series([], dtype: float64)","count     2.000000
mean      8.426050
std      10.055315
min       1.315869
25%       4.870959
50%       8.426050
75%      11.981140
max      15.536231
Name: % error, dtype: float64"
121,PolynomialRegression,True,RandomForest,"Index(['gvn_0', 'gvn_1', 'instcombine_0', 'instcombine_1'], dtype='object')",LinearRegression(),Performance,0.1,"gvn_1            2.435306
gvn_0            2.435306
instcombine_1    1.515306
instcombine_0    1.515306
dtype: float64","count    2.000000
mean     4.908484
std      3.820250
min      2.207159
25%      3.557821
50%      4.908484
75%      6.259146
max      7.609809
Name: % error, dtype: float64"
122,LinearRegression,True,RandomForest,"Index(['gvn_0', 'gvn_1', 'instcombine_0', 'instcombine_1'], dtype='object')",LinearRegression(),Performance,0.2,"gvn_1            8.439722
gvn_0            8.439722
instcombine_1    6.139722
instcombine_0    6.139722
dtype: float64","count    3.000000
mean     2.627899
std      0.753401
min      2.178840
25%      2.193000
50%      2.207159
75%      2.852428
max      3.497698
Name: % error, dtype: float64"
123,Lasso,True,RandomForest,"Index(['gvn_0', 'gvn_1', 'instcombine_0', 'instcombine_1'], dtype='object')","Lasso(alpha=25, max_iter=1)",Performance,0.2,"Series([], dtype: float64)","count     3.000000
mean      5.894518
std       8.431793
min       0.670788
25%       1.030861
50%       1.390934
75%       8.506383
max      15.621832
Name: % error, dtype: float64"
124,Ridge,True,RandomForest,"Index(['gvn_0', 'gvn_1', 'instcombine_0', 'instcombine_1'], dtype='object')",Ridge(alpha=25),Performance,0.2,"gvn_0            0.497811
gvn_1            0.497811
instcombine_0    0.327441
instcombine_1    0.327441
dtype: float64","count     3.000000
mean      5.631907
std       8.060311
min       0.756149
25%       0.980081
50%       1.204012
75%       8.069786
max      14.935560
Name: % error, dtype: float64"
125,ElasticNet,True,RandomForest,"Index(['gvn_0', 'gvn_1', 'instcombine_0', 'instcombine_1'], dtype='object')","ElasticNet(alpha=25, max_iter=1)",Performance,0.2,"Series([], dtype: float64)","count     3.000000
mean      5.894518
std       8.431793
min       0.670788
25%       1.030861
50%       1.390934
75%       8.506383
max      15.621832
Name: % error, dtype: float64"
126,PolynomialRegression,True,RandomForest,"Index(['gvn_0', 'gvn_1', 'instcombine_0', 'instcombine_1'], dtype='object')",LinearRegression(),Performance,0.2,"gvn_0            2.542778
gvn_1            2.542778
instcombine_0    1.622778
instcombine_1    1.622778
dtype: float64","count    3.000000
mean     3.947533
std      3.038973
min      2.178840
25%      2.193000
50%      2.207159
75%      4.831879
max      7.456599
Name: % error, dtype: float64"
127,LinearRegression,True,RandomForest,"Index(['gvn_0', 'gvn_1', 'instcombine_0', 'instcombine_1'], dtype='object')",LinearRegression(),Performance,0.3,"gvn_0            9.081333
gvn_1            9.081333
instcombine_0    6.781333
instcombine_1    6.781333
dtype: float64","count    4.000000
mean     2.751414
std      0.415747
min      2.207159
25%      2.584117
50%      2.798844
75%      2.966140
max      3.200809
Name: % error, dtype: float64"
128,Lasso,True,RandomForest,"Index(['gvn_0', 'gvn_1', 'instcombine_0', 'instcombine_1'], dtype='object')","Lasso(alpha=25, max_iter=1)",Performance,0.3,"Series([], dtype: float64)","count     4.000000
mean      4.879278
std       7.293292
min       0.834588
25%       1.196143
50%       1.436284
75%       5.119418
max      15.809958
Name: % error, dtype: float64"
129,Ridge,True,RandomForest,"Index(['gvn_0', 'gvn_1', 'instcombine_0', 'instcombine_1'], dtype='object')",Ridge(alpha=10),Performance,0.3,"gvn_0            1.183083
gvn_1            1.183083
instcombine_1    0.799750
instcombine_0    0.799750
dtype: float64","count     4.000000
mean      4.485331
std       6.476508
min       1.068985
25%       1.111339
50%       1.338819
75%       4.712811
max      14.194703
Name: % error, dtype: float64"
130,ElasticNet,True,RandomForest,"Index(['gvn_0', 'gvn_1', 'instcombine_0', 'instcombine_1'], dtype='object')","ElasticNet(alpha=25, max_iter=1)",Performance,0.3,"Series([], dtype: float64)","count     4.000000
mean      4.879278
std       7.293292
min       0.834588
25%       1.196143
50%       1.436284
75%       5.119418
max      15.809958
Name: % error, dtype: float64"
131,PolynomialRegression,True,RandomForest,"Index(['gvn_0', 'gvn_1', 'instcombine_0', 'instcombine_1'], dtype='object')",LinearRegression(),Performance,0.3,"gvn_0            2.726095
gvn_1            2.726095
instcombine_1    1.806095
instcombine_0    1.806095
dtype: float64","count    4.000000
mean     3.828251
std      2.281038
min      2.207159
25%      2.584117
50%      2.955290
75%      4.199423
max      7.195264
Name: % error, dtype: float64"
132,LinearRegression,True,RandomForest,"Index(['gvn_0', 'gvn_1', 'instcombine_0', 'instcombine_1'], dtype='object')",LinearRegression(),Performance,0.4,"gvn_0            9.63875
gvn_1            9.63875
instcombine_1    7.33875
instcombine_0    7.33875
dtype: float64","count    5.000000
mean     2.737428
std      0.647186
min      2.207159
25%      2.286525
50%      2.358154
75%      3.171029
max      3.664274
Name: % error, dtype: float64"
133,Lasso,True,RandomForest,"Index(['gvn_0', 'gvn_1', 'instcombine_0', 'instcombine_1'], dtype='object')","Lasso(alpha=25, max_iter=1)",Performance,0.4,"Series([], dtype: float64)","count     5.000000
mean      3.906216
std       6.676350
min       0.034867
25%       0.829564
50%       1.311614
75%       1.550845
max      15.804188
Name: % error, dtype: float64"
134,Ridge,True,RandomForest,"Index(['gvn_0', 'gvn_1', 'instcombine_0', 'instcombine_1'], dtype='object')",Ridge(alpha=4),Performance,0.4,"gvn_1            2.505521
gvn_0            2.505521
instcombine_0    1.738854
instcombine_1    1.738854
dtype: float64","count     5.000000
mean      3.398817
std       5.085445
min       0.545481
25%       0.691213
50%       1.414930
75%       1.899779
max      12.442680
Name: % error, dtype: float64"
135,ElasticNet,True,RandomForest,"Index(['gvn_0', 'gvn_1', 'instcombine_0', 'instcombine_1'], dtype='object')","ElasticNet(l1_ratio=0.0, max_iter=10)",Performance,0.4,"gvn_1            1.830909
gvn_0            1.830909
instcombine_0    1.255909
instcombine_1    1.255909
dtype: float64","count     5.000000
mean      3.534847
std       5.514090
min       0.387204
25%       0.932919
50%       1.255285
75%       1.739370
max      13.359455
Name: % error, dtype: float64"
136,PolynomialRegression,True,RandomForest,"Index(['gvn_0', 'gvn_1', 'instcombine_0', 'instcombine_1'], dtype='object')",LinearRegression(),Performance,0.4,"gvn_1            2.885357
gvn_0            2.885357
instcombine_1    1.965357
instcombine_0    1.965357
dtype: float64","count    5.000000
mean     3.659442
std      1.948116
min      2.207159
25%      2.286525
50%      3.171029
75%      3.664274
max      6.968223
Name: % error, dtype: float64"
137,LinearRegression,True,RandomForest,"Index(['gvn_0', 'gvn_1', 'instcombine_0', 'instcombine_1'], dtype='object')",LinearRegression(),Performance,0.5,"gvn_0    9.63875
gvn_1    9.63875
dtype: float64","count    6.000000
mean     4.769663
std      2.596560
min      2.286525
25%      3.294341
50%      3.786667
75%      5.667961
max      9.332826
Name: % error, dtype: float64"
138,Lasso,True,RandomForest,"Index(['gvn_0', 'gvn_1', 'instcombine_0', 'instcombine_1'], dtype='object')","Lasso(alpha=25, max_iter=1)",Performance,0.5,"Series([], dtype: float64)","count     6.000000
mean      4.652897
std       6.024907
min       0.704998
25%       1.697231
50%       2.181945
75%       4.034151
max      16.661281
Name: % error, dtype: float64"
139,Ridge,True,RandomForest,"Index(['gvn_0', 'gvn_1', 'instcombine_0', 'instcombine_1'], dtype='object')",Ridge(alpha=25),Performance,0.5,"gvn_0    0.579774
gvn_1    0.579774
dtype: float64","count     6.000000
mean      4.659920
std       5.811155
min       0.800127
25%       1.793297
50%       2.278470
75%       4.132425
max      16.220472
Name: % error, dtype: float64"
140,ElasticNet,True,RandomForest,"Index(['gvn_0', 'gvn_1', 'instcombine_0', 'instcombine_1'], dtype='object')","ElasticNet(alpha=25, l1_ratio=0.0, max_iter=1)",Performance,0.5,"gvn_0    0.122591
gvn_1    0.121812
dtype: float64","count     6.000000
mean      4.654377
std       5.979820
min       0.725048
25%       1.717479
50%       2.202290
75%       4.054865
max      16.568370
Name: % error, dtype: float64"
141,PolynomialRegression,True,RandomForest,"Index(['gvn_0', 'gvn_1', 'instcombine_0', 'instcombine_1'], dtype='object')",LinearRegression(),Performance,0.5,"gvn_0    3.212917
gvn_1    3.212917
dtype: float64","count     6.000000
mean      4.572805
std       3.214003
min       2.286525
25%       2.720419
50%       3.417652
75%       4.579967
max      10.859588
Name: % error, dtype: float64"
142,LinearRegression,True,RandomForest,"Index(['gvn_0', 'gvn_1', 'instcombine_0', 'instcombine_1'], dtype='object')",LinearRegression(),Performance,0.6,"gvn_0    10.489444
gvn_1    10.489444
dtype: float64","count    7.000000
mean     4.992482
std      2.361496
min      2.786269
25%      3.429705
50%      4.371585
75%      5.798643
max      9.332826
Name: % error, dtype: float64"
143,Lasso,True,RandomForest,"Index(['gvn_0', 'gvn_1', 'instcombine_0', 'instcombine_1'], dtype='object')","Lasso(alpha=25, max_iter=1)",Performance,0.6,"Series([], dtype: float64)","count     7.000000
mean      4.193547
std       5.725670
min       0.639022
25%       1.269016
50%       2.191220
75%       3.588466
max      16.809621
Name: % error, dtype: float64"
144,Ridge,True,RandomForest,"Index(['gvn_0', 'gvn_1', 'instcombine_0', 'instcombine_1'], dtype='object')",Ridge(alpha=25),Performance,0.6,"gvn_0    0.593742
gvn_1    0.593742
dtype: float64","count     7.000000
mean      4.238770
std       5.525589
min       0.760565
25%       1.391320
50%       2.314637
75%       3.713570
max      16.386406
Name: % error, dtype: float64"
145,ElasticNet,True,RandomForest,"Index(['gvn_0', 'gvn_1', 'instcombine_0', 'instcombine_1'], dtype='object')","ElasticNet(alpha=25, l1_ratio=0.0, max_iter=1)",Performance,0.6,"gvn_0    0.156170
gvn_1    0.155008
dtype: float64","count     7.000000
mean      4.205397
std       5.673194
min       0.670872
25%       1.301066
50%       2.223561
75%       3.621249
max      16.698718
Name: % error, dtype: float64"
146,PolynomialRegression,True,RandomForest,"Index(['gvn_0', 'gvn_1', 'instcombine_0', 'instcombine_1'], dtype='object')",LinearRegression(),Performance,0.6,"gvn_1    3.496481
gvn_0    3.496481
dtype: float64","count     7.000000
mean      4.808855
std       2.884478
min       2.786269
25%       3.072734
50%       3.874975
75%       4.930468
max      10.994336
Name: % error, dtype: float64"
147,LinearRegression,True,RandomForest,"Index(['gvn_0', 'gvn_1', 'instcombine_0', 'instcombine_1'], dtype='object')",LinearRegression(),Performance,0.7,"Series([], dtype: float64)","count     8.000000
mean      6.754315
std       5.497643
min       2.786269
25%       3.652340
50%       4.494813
75%       7.513954
max      19.301886
Name: % error, dtype: float64"
148,Lasso,True,RandomForest,"Index(['gvn_0', 'gvn_1', 'instcombine_0', 'instcombine_1'], dtype='object')","Lasso(alpha=25, max_iter=1)",Performance,0.7,"Series([], dtype: float64)","count     8.000000
mean      6.754315
std       5.497643
min       2.786269
25%       3.652340
50%       4.494813
75%       7.513954
max      19.301886
Name: % error, dtype: float64"
149,Ridge,True,RandomForest,"Index(['gvn_0', 'gvn_1', 'instcombine_0', 'instcombine_1'], dtype='object')",Ridge(alpha=25),Performance,0.7,"Series([], dtype: float64)","count     8.000000
mean      6.754315
std       5.497643
min       2.786269
25%       3.652340
50%       4.494813
75%       7.513954
max      19.301886
Name: % error, dtype: float64"
150,ElasticNet,True,RandomForest,"Index(['gvn_0', 'gvn_1', 'instcombine_0', 'instcombine_1'], dtype='object')","ElasticNet(alpha=25, l1_ratio=0.0, max_iter=1)",Performance,0.7,"Series([], dtype: float64)","count     8.000000
mean      6.754315
std       5.497643
min       2.786269
25%       3.652340
50%       4.494813
75%       7.513954
max      19.301886
Name: % error, dtype: float64"
151,PolynomialRegression,True,RandomForest,"Index(['gvn_0', 'gvn_1', 'instcombine_0', 'instcombine_1'], dtype='object')",LinearRegression(),Performance,0.7,"Series([], dtype: float64)","count     8.000000
mean      6.754315
std       5.497643
min       2.786269
25%       3.652340
50%       4.494813
75%       7.513954
max      19.301886
Name: % error, dtype: float64"
152,LinearRegression,True,RandomForest,"Index(['gvn_0', 'gvn_1', 'instcombine_0', 'instcombine_1'], dtype='object')",LinearRegression(),Performance,0.8,"Series([], dtype: float64)","count     9.000000
mean      5.457563
std       5.209406
min       1.882608
25%       2.591921
50%       3.453986
75%       6.038719
max      18.253025
Name: % error, dtype: float64"
153,Lasso,True,RandomForest,"Index(['gvn_0', 'gvn_1', 'instcombine_0', 'instcombine_1'], dtype='object')","Lasso(alpha=25, max_iter=1)",Performance,0.8,"Series([], dtype: float64)","count     9.000000
mean      5.457563
std       5.209406
min       1.882608
25%       2.591921
50%       3.453986
75%       6.038719
max      18.253025
Name: % error, dtype: float64"
154,Ridge,True,RandomForest,"Index(['gvn_0', 'gvn_1', 'instcombine_0', 'instcombine_1'], dtype='object')",Ridge(alpha=25),Performance,0.8,"Series([], dtype: float64)","count     9.000000
mean      5.457563
std       5.209406
min       1.882608
25%       2.591921
50%       3.453986
75%       6.038719
max      18.253025
Name: % error, dtype: float64"
155,ElasticNet,True,RandomForest,"Index(['gvn_0', 'gvn_1', 'instcombine_0', 'instcombine_1'], dtype='object')","ElasticNet(alpha=25, l1_ratio=0.0, max_iter=1)",Performance,0.8,"Series([], dtype: float64)","count     9.000000
mean      5.457563
std       5.209406
min       1.882608
25%       2.591921
50%       3.453986
75%       6.038719
max      18.253025
Name: % error, dtype: float64"
156,PolynomialRegression,True,RandomForest,"Index(['gvn_0', 'gvn_1', 'instcombine_0', 'instcombine_1'], dtype='object')",LinearRegression(),Performance,0.8,"Series([], dtype: float64)","count     9.000000
mean      5.457563
std       5.209406
min       1.882608
25%       2.591921
50%       3.453986
75%       6.038719
max      18.253025
Name: % error, dtype: float64"
157,LinearRegression,True,RandomForest,"Index(['gvn_0', 'gvn_1', 'instcombine_0', 'instcombine_1'], dtype='object')",LinearRegression(),Performance,0.9,"Series([], dtype: float64)","count    10.000000
mean      3.858775
std       4.701470
min       0.091435
25%       1.087466
50%       2.745265
75%       4.355488
max      15.961794
Name: % error, dtype: float64"
158,Lasso,True,RandomForest,"Index(['gvn_0', 'gvn_1', 'instcombine_0', 'instcombine_1'], dtype='object')","Lasso(alpha=25, max_iter=1)",Performance,0.9,"Series([], dtype: float64)","count    10.000000
mean      3.858775
std       4.701470
min       0.091435
25%       1.087466
50%       2.745265
75%       4.355488
max      15.961794
Name: % error, dtype: float64"
159,Ridge,True,RandomForest,"Index(['gvn_0', 'gvn_1', 'instcombine_0', 'instcombine_1'], dtype='object')",Ridge(alpha=25),Performance,0.9,"Series([], dtype: float64)","count    10.000000
mean      3.858775
std       4.701470
min       0.091435
25%       1.087466
50%       2.745265
75%       4.355488
max      15.961794
Name: % error, dtype: float64"
160,ElasticNet,True,RandomForest,"Index(['gvn_0', 'gvn_1', 'instcombine_0', 'instcombine_1'], dtype='object')","ElasticNet(alpha=25, l1_ratio=0.0, max_iter=1)",Performance,0.9,"Series([], dtype: float64)","count    10.000000
mean      3.858775
std       4.701470
min       0.091435
25%       1.087466
50%       2.745265
75%       4.355488
max      15.961794
Name: % error, dtype: float64"
161,PolynomialRegression,True,RandomForest,"Index(['gvn_0', 'gvn_1', 'instcombine_0', 'instcombine_1'], dtype='object')",LinearRegression(),Performance,0.9,"Series([], dtype: float64)","count    10.000000
mean      3.858775
std       4.701470
min       0.091435
25%       1.087466
50%       2.745265
75%       4.355488
max      15.961794
Name: % error, dtype: float64"
